{"type":"FeatureCollection","features":[{"type":"Feature","geometry":{"type":"Point","coordinates":[-100.92937494377689,57.24317860572318]},"properties":{"id":"ne-physical-1159104271","name_en":"Canadian Shield","name_zh":"加拿大盾地","atlas_class":"tundra_ice","min_zoom":2,"rank":1,"source":"Natural Earth 1:10m physical label areas v5.0.0"}},{"type":"Feature","geometry":{"type":"Point","coordinates":[149.71088286812153,-25.241936944537137]},"properties":{"id":"ne-physical-1159104295","name_en":"Great Dividing Range","name_zh":"大分水岭","atlas_class":"mountain_high_relief","min_zoom":2,"rank":1,"source":"Natural Earth 1:10m physical label areas v5.0.0"}},{"type":"Feature","geometry":{"type":"Point","coordinates":[7.260061612616985,45.88959381718159]},"properties":{"id":"ne-physical-1159104297","name_en":"Alps","name_zh":"阿尔卑斯山","atlas_class":"mountain_high_relief","min_zoom":2,"rank":1,"source":"Natural Earth 1:10m physical label areas v5.0.0"}},{"type":"Feature","geometry":{"type":"Point","coordinates":[78.76392493009541,41.95636627811906]},"properties":{"id":"ne-physical-1159104299","name_en":"Tian Shan","name_zh":"天山山脈","atlas_class":"mountain_high_relief","min_zoom":2,"rank":1,"source":"Natural Earth 1:10m physical label areas v5.0.0"}},{"type":"Feature","geometry":{"type":"Point","coordinates":[58.636879636403066,59.89270661015033]},"properties":{"id":"ne-physical-1159104301","name_en":"Ural Mountains","name_zh":"乌拉尔山脉","atlas_class":"mountain_high_relief","min_zoom":2,"rank":1,"source":"Natural Earth 1:10m physical label areas v5.0.0"}},{"type":"Feature","geometry":{"type":"Point","coordinates":[44.33437758213459,42.71758133241897]},"properties":{"id":"ne-physical-1159104305","name_en":"Caucasus Mountains","name_zh":"高加索山脉","atlas_class":"mountain_high_relief","min_zoom":2,"rank":1,"source":"Natural Earth 1:10m physical label areas v5.0.0"}},{"type":"Feature","geometry":{"type":"Point","coordinates":[80.47017285436856,30.542569040482192]},"properties":{"id":"ne-physical-1159104307","name_en":"Himalayas","name_zh":"喜马拉雅山脉","atlas_class":"mountain_high_relief","min_zoom":2,"rank":1,"source":"Natural Earth 1:10m physical label areas v5.0.0"}},{"type":"Feature","geometry":{"type":"Point","coordinates":[-66.71681652709643,-21.028221617318266]},"properties":{"id":"ne-physical-1159104309","name_en":"Andes","name_zh":"安地斯山脈","atlas_class":"mountain_high_relief","min_zoom":2,"rank":1,"source":"Natural Earth 1:10m physical label areas v5.0.0"}},{"type":"Feature","geometry":{"type":"Point","coordinates":[-114.46786588099204,47.47608063358784]},"properties":{"id":"ne-physical-1159104311","name_en":"Rocky Mountains","name_zh":"洛磯山脈","atlas_class":"mountain_high_relief","min_zoom":2,"rank":1,"source":"Natural Earth 1:10m physical label areas v5.0.0"}},{"type":"Feature","geometry":{"type":"Point","coordinates":[116.37230507025825,35.28015778202534]},"properties":{"id":"ne-physical-1159104313","name_en":"North China Plain","name_zh":"华北平原","atlas_class":"plains_lowlands","min_zoom":2,"rank":1,"source":"Natural Earth 1:10m physical label areas v5.0.0"}},{"type":"Feature","geometry":{"type":"Point","coordinates":[67.3360050887422,51.09216950077541]},"properties":{"id":"ne-physical-1159104315","name_en":"Kazakh Steppe","name_zh":"哈薩克草原","atlas_class":"plains_lowlands","min_zoom":2,"rank":1,"source":"Natural Earth 1:10m physical label areas v5.0.0"}},{"type":"Feature","geometry":{"type":"Point","coordinates":[28.533796936195806,56.719328047997635]},"properties":{"id":"ne-physical-1159104317","name_en":"North European Plain","name_zh":"北歐平原","atlas_class":"plains_lowlands","min_zoom":2,"rank":1,"source":"Natural Earth 1:10m physical label areas v5.0.0"}},{"type":"Feature","geometry":{"type":"Point","coordinates":[-100.82445691379198,41.21011994022848]},"properties":{"id":"ne-physical-1159104319","name_en":"Great Plains","name_zh":"大平原","atlas_class":"plains_lowlands","min_zoom":2,"rank":1,"source":"Natural Earth 1:10m physical label areas v5.0.0"}},{"type":"Feature","geometry":{"type":"Point","coordinates":[21.665710146999885,-0.27300383906840864]},"properties":{"id":"ne-physical-1159104323","name_en":"Congo basin","name_zh":"刚果盆地","atlas_class":"basin_lowlands","min_zoom":2,"rank":1,"source":"Natural Earth 1:10m physical label areas v5.0.0"}},{"type":"Feature","geometry":{"type":"Point","coordinates":[-61.95934968492226,-7.953851007037159]},"properties":{"id":"ne-physical-1159104325","name_en":"Amazon basin","name_zh":"亞馬遜盆地","atlas_class":"basin_lowlands","min_zoom":2,"rank":1,"source":"Natural Earth 1:10m physical label areas v5.0.0"}},{"type":"Feature","geometry":{"type":"Point","coordinates":[106.05586645769634,42.759863592572216]},"properties":{"id":"ne-physical-1159104335","name_en":"Gobi Desert","name_zh":"大漠","atlas_class":"desert_bare","min_zoom":2,"rank":1,"source":"Natural Earth 1:10m physical label areas v5.0.0"}},{"type":"Feature","geometry":{"type":"Point","coordinates":[10.088602959513489,21.882763671874983]},"properties":{"id":"ne-physical-1159104337","name_en":"Sahara","name_zh":"撒哈拉沙漠","atlas_class":"desert_bare","min_zoom":2,"rank":1,"source":"Natural Earth 1:10m physical label areas v5.0.0"}},{"type":"Feature","geometry":{"type":"Point","coordinates":[125.65689252163875,-25.31627776484968]},"properties":{"id":"ne-physical-1159104341","name_en":"Western Plateau","name_zh":"澳大利亚西部高原","atlas_class":"upland_plateau","min_zoom":2.83,"rank":1,"source":"Natural Earth 1:10m physical label areas v5.0.0"}},{"type":"Feature","geometry":{"type":"Point","coordinates":[-4.484199937876557,39.93201031962184]},"properties":{"id":"ne-physical-1159104343","name_en":"Iberian Peninsula","name_zh":"伊比利亚半岛","atlas_class":"upland_plateau","min_zoom":2,"rank":1,"source":"Natural Earth 1:10m physical label areas v5.0.0"}},{"type":"Feature","geometry":{"type":"Point","coordinates":[89.18607797777,33.40628693241598]},"properties":{"id":"ne-physical-1159104345","name_en":"Tibetan Plateau","name_zh":"青藏高原","atlas_class":"upland_plateau","min_zoom":2,"rank":1,"source":"Natural Earth 1:10m physical label areas v5.0.0"}},{"type":"Feature","geometry":{"type":"Point","coordinates":[-73.23322299957997,-84.76008685758353]},"properties":{"id":"ne-physical-1159104505","name_en":"Transantarctic Mountains","name_zh":"横贯南极山脉","atlas_class":"mountain_high_relief","min_zoom":2,"rank":1,"source":"Natural Earth 1:10m physical label areas v5.0.0"}},{"type":"Feature","geometry":{"type":"Point","coordinates":[70.34740797547147,-80.02270057063578]},"properties":{"id":"ne-physical-1159104525","name_en":"Antarctic Plateau","name_zh":"南極高原","atlas_class":"upland_plateau","min_zoom":2,"rank":1,"source":"Natural Earth 1:10m physical label areas v5.0.0"}},{"type":"Feature","geometry":{"type":"Point","coordinates":[-116.09763071991281,38.96774933475969]},"properties":{"id":"ne-physical-1159104161","name_en":"Great Basin","name_zh":"大盆地","atlas_class":"basin_lowlands","min_zoom":2.83,"rank":2,"source":"Natural Earth 1:10m physical label areas v5.0.0"}},{"type":"Feature","geometry":{"type":"Point","coordinates":[141.64101769316056,-25.732903741412194]},"properties":{"id":"ne-physical-1159104163","name_en":"Great Artesian Basin","name_zh":"大自流盆地","atlas_class":"basin_lowlands","min_zoom":3.14,"rank":2,"source":"Natural Earth 1:10m physical label areas v5.0.0"}},{"type":"Feature","geometry":{"type":"Point","coordinates":[37.3423491399362,10.895453192181577]},"properties":{"id":"ne-physical-1159104165","name_en":"Ethiopian Highlands","name_zh":"衣索比亞高原","atlas_class":"mountain_high_relief","min_zoom":2,"rank":2,"source":"Natural Earth 1:10m physical label areas v5.0.0"}},{"type":"Feature","geometry":{"type":"Point","coordinates":[50.49621413345452,31.457861639447202]},"properties":{"id":"ne-physical-1159104167","name_en":"Zagros Mountains","name_zh":"札格羅斯山脈","atlas_class":"mountain_high_relief","min_zoom":2,"rank":2,"source":"Natural Earth 1:10m physical label areas v5.0.0"}},{"type":"Feature","geometry":{"type":"Point","coordinates":[90.10425660500624,47.83090851444719]},"properties":{"id":"ne-physical-1159104169","name_en":"Altai Mountains","name_zh":"阿尔泰山脉","atlas_class":"mountain_high_relief","min_zoom":2,"rank":2,"source":"Natural Earth 1:10m physical label areas v5.0.0"}},{"type":"Feature","geometry":{"type":"Point","coordinates":[121.30813562550642,48.53476593632219]},"properties":{"id":"ne-physical-1159104171","name_en":"Greater Khingan","name_zh":"大兴安岭","atlas_class":"mountain_high_relief","min_zoom":2.83,"rank":2,"source":"Natural Earth 1:10m physical label areas v5.0.0"}},{"type":"Feature","geometry":{"type":"Point","coordinates":[130.14191753489314,55.60239288944723]},"properties":{"id":"ne-physical-1159104173","name_en":"Stanovoy Range","name_zh":"外兴安岭","atlas_class":"mountain_high_relief","min_zoom":2,"rank":2,"source":"Natural Earth 1:10m physical label areas v5.0.0"}},{"type":"Feature","geometry":{"type":"Point","coordinates":[82.95502606728519,28.112264745765856]},"properties":{"id":"ne-physical-1159104179","name_en":"Siwalik Hills","name_zh":"西瓦利克山脉","atlas_class":"mountain_high_relief","min_zoom":2,"rank":2,"source":"Natural Earth 1:10m physical label areas v5.0.0"}},{"type":"Feature","geometry":{"type":"Point","coordinates":[74.07145588135023,38.29279205936906]},"properties":{"id":"ne-physical-1159104181","name_en":"Pamir mountains","name_zh":"帕米爾高原","atlas_class":"mountain_high_relief","min_zoom":2,"rank":2,"source":"Natural Earth 1:10m physical label areas v5.0.0"}},{"type":"Feature","geometry":{"type":"Point","coordinates":[71.20141908315725,35.837866522259716]},"properties":{"id":"ne-physical-1159104183","name_en":"Hindu Kush","name_zh":"興都庫什山脈","atlas_class":"mountain_high_relief","min_zoom":2,"rank":2,"source":"Natural Earth 1:10m physical label areas v5.0.0"}},{"type":"Feature","geometry":{"type":"Point","coordinates":[77.63168632443144,35.523291326947216]},"properties":{"id":"ne-physical-1159104185","name_en":"Karakoram","name_zh":"喀喇昆仑山脉","atlas_class":"mountain_high_relief","min_zoom":2,"rank":2,"source":"Natural Earth 1:10m physical label areas v5.0.0"}},{"type":"Feature","geometry":{"type":"Point","coordinates":[86.2806417083412,36.39900841309323]},"properties":{"id":"ne-physical-1159104187","name_en":"Kunlun Mountains","name_zh":"昆仑山脉","atlas_class":"mountain_high_relief","min_zoom":2,"rank":2,"source":"Natural Earth 1:10m physical label areas v5.0.0"}},{"type":"Feature","geometry":{"type":"Point","coordinates":[-3.8852429277242098,32.80295441288473]},"properties":{"id":"ne-physical-1159104189","name_en":"Atlas Mountains","name_zh":"阿特拉斯山脈","atlas_class":"mountain_high_relief","min_zoom":2,"rank":2,"source":"Natural Earth 1:10m physical label areas v5.0.0"}},{"type":"Feature","geometry":{"type":"Point","coordinates":[-76.79169086184683,40.952154852337856]},"properties":{"id":"ne-physical-1159104191","name_en":"Appalachian Mountains","name_zh":"阿巴拉契亚山脉","atlas_class":"mountain_high_relief","min_zoom":2,"rank":2,"source":"Natural Earth 1:10m physical label areas v5.0.0"}},{"type":"Feature","geometry":{"type":"Point","coordinates":[-150.7672547208487,69.06474609374999]},"properties":{"id":"ne-physical-1159104193","name_en":"Brooks Range","name_zh":"布鲁克斯山脉","atlas_class":"mountain_high_relief","min_zoom":2,"rank":2,"source":"Natural Earth 1:10m physical label areas v5.0.0"}},{"type":"Feature","geometry":{"type":"Point","coordinates":[-128.85741054040244,55.00375686952833]},"properties":{"id":"ne-physical-1159104197","name_en":"Coast Mountains","name_zh":"海岸山脈","atlas_class":"mountain_high_relief","min_zoom":2,"rank":2,"source":"Natural Earth 1:10m physical label areas v5.0.0"}},{"type":"Feature","geometry":{"type":"Point","coordinates":[-121.79293374998834,45.55463287968156]},"properties":{"id":"ne-physical-1159104199","name_en":"Cascade Range","name_zh":"喀斯喀特山脉","atlas_class":"mountain_high_relief","min_zoom":2,"rank":2,"source":"Natural Earth 1:10m physical label areas v5.0.0"}},{"type":"Feature","geometry":{"type":"Point","coordinates":[-151.9516290219135,62.60767243046283]},"properties":{"id":"ne-physical-1159104201","name_en":"Alaska Range","name_zh":"阿拉斯加山脈","atlas_class":"mountain_high_relief","min_zoom":2,"rank":2,"source":"Natural Earth 1:10m physical label areas v5.0.0"}},{"type":"Feature","geometry":{"type":"Point","coordinates":[124.50118249524785,45.0967098075068]},"properties":{"id":"ne-physical-1159104203","name_en":"Manchurian Plain","name_zh":"东北平原","atlas_class":"plains_lowlands","min_zoom":2,"rank":2,"source":"Natural Earth 1:10m physical label areas v5.0.0"}},{"type":"Feature","geometry":{"type":"Point","coordinates":[62.76287116450008,42.06091950077534]},"properties":{"id":"ne-physical-1159104205","name_en":"Turan Depression","name_zh":"图兰低地","atlas_class":"plains_lowlands","min_zoom":2.83,"rank":2,"source":"Natural Earth 1:10m physical label areas v5.0.0"}},{"type":"Feature","geometry":{"type":"Point","coordinates":[18.05217357561339,16.09649764043519]},"properties":{"id":"ne-physical-1159104207","name_en":"Sahel","name_zh":"萨赫勒平原","atlas_class":"plains_lowlands","min_zoom":2,"rank":2,"source":"Natural Earth 1:10m physical label areas v5.0.0"}},{"type":"Feature","geometry":{"type":"Point","coordinates":[-83.87761153445257,31.69281647343159]},"properties":{"id":"ne-physical-1159104211","name_en":"Atlantic coastal plain","name_zh":"海濱平原","atlas_class":"plains_lowlands","min_zoom":2,"rank":2,"source":"Natural Earth 1:10m physical label areas v5.0.0"}},{"type":"Feature","geometry":{"type":"Point","coordinates":[-60.83365883848645,-24.57066066579469]},"properties":{"id":"ne-physical-1159104217","name_en":"Gran Chaco","name_zh":"大查科","atlas_class":"plains_lowlands","min_zoom":2,"rank":2,"source":"Natural Earth 1:10m physical label areas v5.0.0"}},{"type":"Feature","geometry":{"type":"Point","coordinates":[-69.49972249455297,6.3746170657873265]},"properties":{"id":"ne-physical-1159104219","name_en":"Llanos","name_zh":"洛斯亞諾斯","atlas_class":"plains_lowlands","min_zoom":2,"rank":2,"source":"Natural Earth 1:10m physical label areas v5.0.0"}},{"type":"Feature","geometry":{"type":"Point","coordinates":[-63.96282050819485,-32.6698737507436]},"properties":{"id":"ne-physical-1159104221","name_en":"Pampas","name_zh":"潘帕","atlas_class":"plains_lowlands","min_zoom":2,"rank":2,"source":"Natural Earth 1:10m physical label areas v5.0.0"}},{"type":"Feature","geometry":{"type":"Point","coordinates":[84.34065098594375,26.021734930462827]},"properties":{"id":"ne-physical-1159104223","name_en":"Indo-Gangetic Plain","name_zh":"中央平原","atlas_class":"plains_lowlands","min_zoom":2,"rank":2,"source":"Natural Earth 1:10m physical label areas v5.0.0"}},{"type":"Feature","geometry":{"type":"Point","coordinates":[-45.229652686450876,-15.519195245318421]},"properties":{"id":"ne-physical-1159104225","name_en":"Brazilian Highlands","name_zh":"巴西高原","atlas_class":"upland_plateau","min_zoom":2,"rank":2,"source":"Natural Earth 1:10m physical label areas v5.0.0"}},{"type":"Feature","geometry":{"type":"Point","coordinates":[107.50621902408886,64.67386505741597]},"properties":{"id":"ne-physical-1159104227","name_en":"Central Siberian Plateau","name_zh":"中西伯利亞高原","atlas_class":"upland_plateau","min_zoom":2,"rank":2,"source":"Natural Earth 1:10m physical label areas v5.0.0"}},{"type":"Feature","geometry":{"type":"Point","coordinates":[108.65717236222247,46.2769534363222]},"properties":{"id":"ne-physical-1159104229","name_en":"Mongolian Plateau","name_zh":"蒙古高原","atlas_class":"upland_plateau","min_zoom":2,"rank":2,"source":"Natural Earth 1:10m physical label areas v5.0.0"}},{"type":"Feature","geometry":{"type":"Point","coordinates":[76.96486461139938,16.236365057415995]},"properties":{"id":"ne-physical-1159104233","name_en":"Deccan Plateau","name_zh":"德干高原","atlas_class":"upland_plateau","min_zoom":2,"rank":2,"source":"Natural Earth 1:10m physical label areas v5.0.0"}},{"type":"Feature","geometry":{"type":"Point","coordinates":[-57.060430642080014,-11.111260675005894]},"properties":{"id":"ne-physical-1159104235","name_en":"Mato Grosso Plateau","name_zh":"马托格罗索高原","atlas_class":"upland_plateau","min_zoom":2,"rank":2,"source":"Natural Earth 1:10m physical label areas v5.0.0"}},{"type":"Feature","geometry":{"type":"Point","coordinates":[70.36738472087544,44.80798482627773]},"properties":{"id":"ne-physical-1159104243","name_en":"Betpak-Dala","name_zh":"贝帕克达拉沙漠","atlas_class":"desert_bare","min_zoom":2.83,"rank":2,"source":"Natural Earth 1:10m physical label areas v5.0.0"}},{"type":"Feature","geometry":{"type":"Point","coordinates":[73.90626788715286,31.149298407025356]},"properties":{"id":"ne-physical-1159104245","name_en":"Punjab","name_zh":"旁遮普地区","atlas_class":"desert_bare","min_zoom":2,"rank":2,"source":"Natural Earth 1:10m physical label areas v5.0.0"}},{"type":"Feature","geometry":{"type":"Point","coordinates":[51.27207211469323,20.61865875858784]},"properties":{"id":"ne-physical-1159104247","name_en":"Rub' al Khali","name_zh":"鲁卜哈利沙漠","atlas_class":"desert_bare","min_zoom":2,"rank":2,"source":"Natural Earth 1:10m physical label areas v5.0.0"}},{"type":"Feature","geometry":{"type":"Point","coordinates":[-38.823022444485055,-6.889644198985415]},"properties":{"id":"ne-physical-1159104251","name_en":"Caatinga","name_zh":"卡廷加","atlas_class":"desert_bare","min_zoom":2,"rank":2,"source":"Natural Earth 1:10m physical label areas v5.0.0"}},{"type":"Feature","geometry":{"type":"Point","coordinates":[20.588220424531233,-22.655938409380923]},"properties":{"id":"ne-physical-1159104253","name_en":"Kalahari Desert","name_zh":"喀拉哈里沙漠","atlas_class":"desert_bare","min_zoom":2,"rank":2,"source":"Natural Earth 1:10m physical label areas v5.0.0"}},{"type":"Feature","geometry":{"type":"Point","coordinates":[152.16706346906514,-75.61339881282333]},"properties":{"id":"ne-physical-1159104389","name_en":"Talos Dome","name_zh":"塔洛斯穹","atlas_class":"upland_plateau","min_zoom":2,"rank":2,"source":"Natural Earth 1:10m physical label areas v5.0.0"}},{"type":"Feature","geometry":{"type":"Point","coordinates":[73.0860454766804,-73.74016883235456]},"properties":{"id":"ne-physical-1159104397","name_en":"American Highland","name_zh":"美國高地","atlas_class":"upland_plateau","min_zoom":2,"rank":2,"source":"Natural Earth 1:10m physical label areas v5.0.0"}},{"type":"Feature","geometry":{"type":"Point","coordinates":[-53.91877314203722,-83.36504676204207]},"properties":{"id":"ne-physical-1159104435","name_en":"Pensacola Mountains","name_zh":"彭薩科拉山脈","atlas_class":"mountain_high_relief","min_zoom":2,"rank":2,"source":"Natural Earth 1:10m physical label areas v5.0.0"}},{"type":"Feature","geometry":{"type":"Point","coordinates":[-83.81296056196362,-79.23037109375002]},"properties":{"id":"ne-physical-1159104437","name_en":"Ellsworth Mountains","name_zh":"埃爾斯沃思山脈","atlas_class":"mountain_high_relief","min_zoom":2,"rank":2,"source":"Natural Earth 1:10m physical label areas v5.0.0"}},{"type":"Feature","geometry":{"type":"Point","coordinates":[-98.80868595858466,-79.24012782435895]},"properties":{"id":"ne-physical-1159104477","name_en":"Hollick-Kenyon Plateau","name_zh":"霍利克-凱尼恩高原","atlas_class":"upland_plateau","min_zoom":2,"rank":2,"source":"Natural Earth 1:10m physical label areas v5.0.0"}},{"type":"Feature","geometry":{"type":"Point","coordinates":[-161.24989720420473,-85.87182166438578]},"properties":{"id":"ne-physical-1159104493","name_en":"Queen Maud Mountains","name_zh":"毛德王后山脈","atlas_class":"mountain_high_relief","min_zoom":2,"rank":2,"source":"Natural Earth 1:10m physical label areas v5.0.0"}},{"type":"Feature","geometry":{"type":"Point","coordinates":[-136.21647456043772,-81.50017859797956]},"properties":{"id":"ne-physical-1159104499","name_en":"Rockefeller Plateau","name_zh":"洛克菲勒高原","atlas_class":"upland_plateau","min_zoom":2,"rank":2,"source":"Natural Earth 1:10m physical label areas v5.0.0"}},{"type":"Feature","geometry":{"type":"Point","coordinates":[123.37708571195725,-75.10271670680524]},"properties":{"id":"ne-physical-1159104517","name_en":"Dome C","name_zh":"冰穹C","atlas_class":"upland_plateau","min_zoom":2,"rank":2,"source":"Natural Earth 1:10m physical label areas v5.0.0"}},{"type":"Feature","geometry":{"type":"Point","coordinates":[77.37110426664472,-80.37041690211774]},"properties":{"id":"ne-physical-1159104521","name_en":"Dome A","name_zh":"冰穹A","atlas_class":"upland_plateau","min_zoom":2,"rank":2,"source":"Natural Earth 1:10m physical label areas v5.0.0"}},{"type":"Feature","geometry":{"type":"Point","coordinates":[39.70264723539478,-77.32659365993025]},"properties":{"id":"ne-physical-1159104523","name_en":"Dome F","name_zh":"富士圓頂","atlas_class":"upland_plateau","min_zoom":2,"rank":2,"source":"Natural Earth 1:10m physical label areas v5.0.0"}},{"type":"Feature","geometry":{"type":"Point","coordinates":[106.72787539361664,16.115698553509716]},"properties":{"id":"ne-physical-1730073913","name_en":"Annamite Range","name_zh":"安南山脉","atlas_class":"mountain_high_relief","min_zoom":2.83,"rank":2,"source":"Natural Earth 1:10m physical label areas v5.0.0"}},{"type":"Feature","geometry":{"type":"Point","coordinates":[39.039926599447355,48.73981354374406]},"properties":{"id":"ne-physical-1730073981","name_en":"Pontic-Caspian steppe","name_zh":"東歐大草原","atlas_class":"plains_lowlands","min_zoom":2,"rank":2,"source":"Natural Earth 1:10m physical label areas v5.0.0"}},{"type":"Feature","geometry":{"type":"Point","coordinates":[-88.65814425637467,42.467322088665966]},"properties":{"id":"ne-physical-1730073989","name_en":"Central Lowlands","name_zh":"中央低地","atlas_class":"plains_lowlands","min_zoom":2,"rank":2,"source":"Natural Earth 1:10m physical label areas v5.0.0"}},{"type":"Feature","geometry":{"type":"Point","coordinates":[55.80965677986217,67.21801980733876]},"properties":{"id":"ne-physical-1730074069","name_en":"Bolshezemelskaya Tundra","name_zh":"博尔谢泽梅尔斯卡亚苔原","atlas_class":"tundra_ice","min_zoom":2,"rank":2,"source":"Natural Earth 1:10m physical label areas v5.0.0"}},{"type":"Feature","geometry":{"type":"Point","coordinates":[-73.22828870494969,-5.310233565777715]},"properties":{"id":"ne-physical-1730074073","name_en":"Selva","name_zh":"塞尔瓦山麓","atlas_class":"mountain_hills","min_zoom":2,"rank":2,"source":"Natural Earth 1:10m physical label areas v5.0.0"}},{"type":"Feature","geometry":{"type":"Point","coordinates":[174.85276656958777,-85.43252874674906]},"properties":{"id":"ne-physical-1730074691","name_en":"Queen Maud Mountains","name_zh":"毛德王后山脈","atlas_class":"mountain_high_relief","min_zoom":2,"rank":2,"source":"Natural Earth 1:10m physical label areas v5.0.0"}},{"type":"Feature","geometry":{"type":"Point","coordinates":[-6.017029675770644,31.847174383587856]},"properties":{"id":"ne-physical-1159103879","name_en":"High Atlas","name_zh":"高阿特拉斯山脈","atlas_class":"mountain_high_relief","min_zoom":2.83,"rank":3,"source":"Natural Earth 1:10m physical label areas v5.0.0"}},{"type":"Feature","geometry":{"type":"Point","coordinates":[30.68145805041328,-28.031365655474666]},"properties":{"id":"ne-physical-1159103881","name_en":"Drakensberg","name_zh":"德拉肯斯堡山脉","atlas_class":"mountain_high_relief","min_zoom":2,"rank":3,"source":"Natural Earth 1:10m physical label areas v5.0.0"}},{"type":"Feature","geometry":{"type":"Point","coordinates":[13.448073261200218,-3.8154232726621515]},"properties":{"id":"ne-physical-1159103883","name_en":"Crystal Mountain","name_zh":"水晶山脉","atlas_class":"mountain_high_relief","min_zoom":2,"rank":3,"source":"Natural Earth 1:10m physical label areas v5.0.0"}},{"type":"Feature","geometry":{"type":"Point","coordinates":[17.683745053777457,21.77655670780659]},"properties":{"id":"ne-physical-1159103885","name_en":"Tibesti Mountains","name_zh":"提贝斯提高原","atlas_class":"mountain_high_relief","min_zoom":2,"rank":3,"source":"Natural Earth 1:10m physical label areas v5.0.0"}},{"type":"Feature","geometry":{"type":"Point","coordinates":[5.368553017056133,24.323096014447202]},"properties":{"id":"ne-physical-1159103887","name_en":"Ahag","name_zh":"阿哈革山脉","atlas_class":"mountain_high_relief","min_zoom":2,"rank":3,"source":"Natural Earth 1:10m physical label areas v5.0.0"}},{"type":"Feature","geometry":{"type":"Point","coordinates":[8.76134952176591,18.892554022259716]},"properties":{"id":"ne-physical-1159103891","name_en":"Aïr Mountains","name_zh":"艾爾高原","atlas_class":"mountain_high_relief","min_zoom":2,"rank":3,"source":"Natural Earth 1:10m physical label areas v5.0.0"}},{"type":"Feature","geometry":{"type":"Point","coordinates":[128.11499636333934,49.03290436405659]},"properties":{"id":"ne-physical-1159103895","name_en":"Lesser Khingan","name_zh":"小兴安岭","atlas_class":"mountain_high_relief","min_zoom":2.83,"rank":3,"source":"Natural Earth 1:10m physical label areas v5.0.0"}},{"type":"Feature","geometry":{"type":"Point","coordinates":[137.64373238150273,47.576880194134716]},"properties":{"id":"ne-physical-1159103897","name_en":"Sikhote-Alin","name_zh":"锡霍特山脉","atlas_class":"mountain_high_relief","min_zoom":2.83,"rank":3,"source":"Natural Earth 1:10m physical label areas v5.0.0"}},{"type":"Feature","geometry":{"type":"Point","coordinates":[128.2344659942878,66.74918244022848]},"properties":{"id":"ne-physical-1159103899","name_en":"Verkhoyansk Range","name_zh":"上揚斯克山脈","atlas_class":"mountain_high_relief","min_zoom":2,"rank":3,"source":"Natural Earth 1:10m physical label areas v5.0.0"}},{"type":"Feature","geometry":{"type":"Point","coordinates":[99.05067801708049,38.02493927616594]},"properties":{"id":"ne-physical-1159103903","name_en":"Qilian Mountains","name_zh":"祁连山","atlas_class":"mountain_high_relief","min_zoom":2,"rank":3,"source":"Natural Earth 1:10m physical label areas v5.0.0"}},{"type":"Feature","geometry":{"type":"Point","coordinates":[115.15756793609052,31.307989813275327]},"properties":{"id":"ne-physical-1159103911","name_en":"Dabie Mountains","name_zh":"大别山","atlas_class":"mountain_high_relief","min_zoom":2.83,"rank":3,"source":"Natural Earth 1:10m physical label areas v5.0.0"}},{"type":"Feature","geometry":{"type":"Point","coordinates":[111.62068935843905,24.587134100384716]},"properties":{"id":"ne-physical-1159103913","name_en":"Nanling Mountains","name_zh":"南岭","atlas_class":"mountain_high_relief","min_zoom":2.83,"rank":3,"source":"Natural Earth 1:10m physical label areas v5.0.0"}},{"type":"Feature","geometry":{"type":"Point","coordinates":[74.38531054727522,15.80991242069723]},"properties":{"id":"ne-physical-1159103915","name_en":"Western Ghats","name_zh":"西高止山脉","atlas_class":"mountain_high_relief","min_zoom":2,"rank":3,"source":"Natural Earth 1:10m physical label areas v5.0.0"}},{"type":"Feature","geometry":{"type":"Point","coordinates":[79.3429733971714,15.964178778119063]},"properties":{"id":"ne-physical-1159103917","name_en":"Eastern Ghats","name_zh":"東高止山脈","atlas_class":"mountain_high_relief","min_zoom":2,"rank":3,"source":"Natural Earth 1:10m physical label areas v5.0.0"}},{"type":"Feature","geometry":{"type":"Point","coordinates":[77.18383706324735,23.19824860233784]},"properties":{"id":"ne-physical-1159103919","name_en":"Vindhya Range","name_zh":"温迪亚山脉","atlas_class":"mountain_high_relief","min_zoom":2.83,"rank":3,"source":"Natural Earth 1:10m physical label areas v5.0.0"}},{"type":"Feature","geometry":{"type":"Point","coordinates":[116.96890728705952,26.778876043744106]},"properties":{"id":"ne-physical-1159103921","name_en":"Wuyi Mountains","name_zh":"武夷山脉","atlas_class":"mountain_high_relief","min_zoom":2.83,"rank":3,"source":"Natural Earth 1:10m physical label areas v5.0.0"}},{"type":"Feature","geometry":{"type":"Point","coordinates":[81.69248637672082,47.59390900272848]},"properties":{"id":"ne-physical-1159103923","name_en":"Tarbagatai Mountains","name_zh":"塔尔巴哈台山","atlas_class":"mountain_high_relief","min_zoom":2.83,"rank":3,"source":"Natural Earth 1:10m physical label areas v5.0.0"}},{"type":"Feature","geometry":{"type":"Point","coordinates":[89.42462329924412,38.49539826054098]},"properties":{"id":"ne-physical-1159103927","name_en":"Altyn-Tagh","name_zh":"阿尔金山脉","atlas_class":"mountain_high_relief","min_zoom":2,"rank":3,"source":"Natural Earth 1:10m physical label areas v5.0.0"}},{"type":"Feature","geometry":{"type":"Point","coordinates":[13.013882343451794,64.56743164062502]},"properties":{"id":"ne-physical-1159103935","name_en":"Scandinavian Mountains","name_zh":"斯堪的纳维亚山脉","atlas_class":"mountain_high_relief","min_zoom":2,"rank":3,"source":"Natural Earth 1:10m physical label areas v5.0.0"}},{"type":"Feature","geometry":{"type":"Point","coordinates":[24.514869299782635,47.30390045780655]},"properties":{"id":"ne-physical-1159103937","name_en":"Carpathian Mountains","name_zh":"喀爾巴阡山脈","atlas_class":"mountain_high_relief","min_zoom":2,"rank":3,"source":"Natural Earth 1:10m physical label areas v5.0.0"}},{"type":"Feature","geometry":{"type":"Point","coordinates":[13.159174861493165,42.5759036316347]},"properties":{"id":"ne-physical-1159103939","name_en":"Appennino Ligure","name_zh":"利古雷亞平寧山脈","atlas_class":"mountain_high_relief","min_zoom":2,"rank":3,"source":"Natural Earth 1:10m physical label areas v5.0.0"}},{"type":"Feature","geometry":{"type":"Point","coordinates":[0.7459771960402899,42.72913239140031]},"properties":{"id":"ne-physical-1159103941","name_en":"Pyrenees","name_zh":"比利牛斯山","atlas_class":"mountain_high_relief","min_zoom":2,"rank":3,"source":"Natural Earth 1:10m physical label areas v5.0.0"}},{"type":"Feature","geometry":{"type":"Point","coordinates":[-99.99887034624379,18.327276922650313]},"properties":{"id":"ne-physical-1159103945","name_en":"Sierra Madre del Sur","name_zh":"南马德雷山脉","atlas_class":"mountain_high_relief","min_zoom":2.83,"rank":3,"source":"Natural Earth 1:10m physical label areas v5.0.0"}},{"type":"Feature","geometry":{"type":"Point","coordinates":[-123.8524957854217,42.981857655810266]},"properties":{"id":"ne-physical-1159103947","name_en":"Pacific Coast Ranges","name_zh":"太平洋海岸山脈","atlas_class":"mountain_high_relief","min_zoom":2,"rank":3,"source":"Natural Earth 1:10m physical label areas v5.0.0"}},{"type":"Feature","geometry":{"type":"Point","coordinates":[-100.61949024101662,25.030523992962813]},"properties":{"id":"ne-physical-1159103949","name_en":"Sierra Madre Oriental","name_zh":"東馬德雷山脈","atlas_class":"mountain_high_relief","min_zoom":2,"rank":3,"source":"Natural Earth 1:10m physical label areas v5.0.0"}},{"type":"Feature","geometry":{"type":"Point","coordinates":[-119.61214751921656,37.73284820911843]},"properties":{"id":"ne-physical-1159103951","name_en":"Sierra Nevada","name_zh":"內華達山脈","atlas_class":"mountain_high_relief","min_zoom":2,"rank":3,"source":"Natural Earth 1:10m physical label areas v5.0.0"}},{"type":"Feature","geometry":{"type":"Point","coordinates":[-106.9787223608867,25.970099188275384]},"properties":{"id":"ne-physical-1159103953","name_en":"Sierra Madre Occidental","name_zh":"西馬德雷山脈","atlas_class":"mountain_high_relief","min_zoom":2,"rank":3,"source":"Natural Earth 1:10m physical label areas v5.0.0"}},{"type":"Feature","geometry":{"type":"Point","coordinates":[-143.92013729453186,60.98598632812502]},"properties":{"id":"ne-physical-1159103955","name_en":"Chugach Mountains","name_zh":"楚加奇山","atlas_class":"mountain_high_relief","min_zoom":2,"rank":3,"source":"Natural Earth 1:10m physical label areas v5.0.0"}},{"type":"Feature","geometry":{"type":"Point","coordinates":[-128.2844919360195,62.81131622929094]},"properties":{"id":"ne-physical-1159103957","name_en":"Mackenzie Mountains","name_zh":"马更些山脉","atlas_class":"mountain_high_relief","min_zoom":2,"rank":3,"source":"Natural Earth 1:10m physical label areas v5.0.0"}},{"type":"Feature","geometry":{"type":"Point","coordinates":[-66.06549794615637,-19.48361796021571]},"properties":{"id":"ne-physical-1159103963","name_en":"Cordillera Real","name_zh":"玻利維亞瑞阿爾山脈","atlas_class":"mountain_high_relief","min_zoom":2,"rank":3,"source":"Natural Earth 1:10m physical label areas v5.0.0"}},{"type":"Feature","geometry":{"type":"Point","coordinates":[-74.71052826692294,-14.030572198443416]},"properties":{"id":"ne-physical-1159103969","name_en":"Cordillera Occidental","name_zh":"秘魯西部山脈","atlas_class":"mountain_high_relief","min_zoom":2.83,"rank":3,"source":"Natural Earth 1:10m physical label areas v5.0.0"}},{"type":"Feature","geometry":{"type":"Point","coordinates":[-79.03476775423442,-3.23986174922468]},"properties":{"id":"ne-physical-1159103971","name_en":"Cordillera Blanca","name_zh":"布蘭卡山脈","atlas_class":"mountain_high_relief","min_zoom":2,"rank":3,"source":"Natural Earth 1:10m physical label areas v5.0.0"}},{"type":"Feature","geometry":{"type":"Point","coordinates":[-72.98030934049748,6.140646362391379]},"properties":{"id":"ne-physical-1159103973","name_en":"Cordillera Oriental","name_zh":"秘魯東部山脈","atlas_class":"mountain_high_relief","min_zoom":2,"rank":3,"source":"Natural Earth 1:10m physical label areas v5.0.0"}},{"type":"Feature","geometry":{"type":"Point","coordinates":[-89.29453521582829,29.235850250793682]},"properties":{"id":"ne-physical-1159103975","name_en":"Mississippi River Delta","name_zh":"密西西比河三角洲","atlas_class":"wetlands_delta","min_zoom":2.83,"rank":3,"source":"Natural Earth 1:10m physical label areas v5.0.0"}},{"type":"Feature","geometry":{"type":"Point","coordinates":[6.35068588703783,5.227148437500091]},"properties":{"id":"ne-physical-1159103977","name_en":"Enugu Nigeria","name_zh":"尼日爾河三角洲","atlas_class":"wetlands_delta","min_zoom":2,"rank":3,"source":"Natural Earth 1:10m physical label areas v5.0.0"}},{"type":"Feature","geometry":{"type":"Point","coordinates":[48.23952027502395,46.1858889831972]},"properties":{"id":"ne-physical-1159103981","name_en":"Volga Delta","name_zh":"伏爾加三角洲","atlas_class":"wetlands_delta","min_zoom":2,"rank":3,"source":"Natural Earth 1:10m physical label areas v5.0.0"}},{"type":"Feature","geometry":{"type":"Point","coordinates":[29.204511157576945,45.07229003906252]},"properties":{"id":"ne-physical-1159103983","name_en":"Danube Delta","name_zh":"多瑙河三角洲","atlas_class":"wetlands_delta","min_zoom":2.83,"rank":3,"source":"Natural Earth 1:10m physical label areas v5.0.0"}},{"type":"Feature","geometry":{"type":"Point","coordinates":[105.75457578687045,10.172241210937472]},"properties":{"id":"ne-physical-1159103987","name_en":"Mekong Delta","name_zh":"湄公河三角洲","atlas_class":"wetlands_delta","min_zoom":2.83,"rank":3,"source":"Natural Earth 1:10m physical label areas v5.0.0"}},{"type":"Feature","geometry":{"type":"Point","coordinates":[27.197161683755624,-10.65929534297463]},"properties":{"id":"ne-physical-1159104019","name_en":"Katanga Plateau","name_zh":"加丹加高原","atlas_class":"upland_plateau","min_zoom":2,"rank":3,"source":"Natural Earth 1:10m physical label areas v5.0.0"}},{"type":"Feature","geometry":{"type":"Point","coordinates":[36.82951079576901,52.359534002728495]},"properties":{"id":"ne-physical-1159104021","name_en":"Central Russian Upland","name_zh":"中俄羅斯高地","atlas_class":"upland_plateau","min_zoom":2,"rank":3,"source":"Natural Earth 1:10m physical label areas v5.0.0"}},{"type":"Feature","geometry":{"type":"Point","coordinates":[103.98986278579876,68.31329987186905]},"properties":{"id":"ne-physical-1159104025","name_en":"Putorana Plateau","name_zh":"普托拉納高原","atlas_class":"upland_plateau","min_zoom":2,"rank":3,"source":"Natural Earth 1:10m physical label areas v5.0.0"}},{"type":"Feature","geometry":{"type":"Point","coordinates":[102.72347067782985,26.296728826947202]},"properties":{"id":"ne-physical-1159104027","name_en":"Yunnan-Guizhou Plateau","name_zh":"云贵高原","atlas_class":"upland_plateau","min_zoom":2.83,"rank":3,"source":"Natural Earth 1:10m physical label areas v5.0.0"}},{"type":"Feature","geometry":{"type":"Point","coordinates":[102.57379689055057,16.852240301556606]},"properties":{"id":"ne-physical-1159104029","name_en":"Khorat Plateau","name_zh":"呵叻高原","atlas_class":"upland_plateau","min_zoom":2,"rank":3,"source":"Natural Earth 1:10m physical label areas v5.0.0"}},{"type":"Feature","geometry":{"type":"Point","coordinates":[96.58035925097082,21.6606509460878]},"properties":{"id":"ne-physical-1159104031","name_en":"Shan Plateau","name_zh":"掸部高原","atlas_class":"upland_plateau","min_zoom":2.83,"rank":3,"source":"Natural Earth 1:10m physical label areas v5.0.0"}},{"type":"Feature","geometry":{"type":"Point","coordinates":[-110.56287550162664,37.229284979290924]},"properties":{"id":"ne-physical-1159104035","name_en":"Colorado Plateau","name_zh":"科羅拉多高原","atlas_class":"upland_plateau","min_zoom":2,"rank":3,"source":"Natural Earth 1:10m physical label areas v5.0.0"}},{"type":"Feature","geometry":{"type":"Point","coordinates":[-118.74616020943856,45.27335591183355]},"properties":{"id":"ne-physical-1159104037","name_en":"Columbia Plateau","name_zh":"哥伦比亚高原","atlas_class":"upland_plateau","min_zoom":2.83,"rank":3,"source":"Natural Earth 1:10m physical label areas v5.0.0"}},{"type":"Feature","geometry":{"type":"Point","coordinates":[-137.01238647806656,62.24646637577531]},"properties":{"id":"ne-physical-1159104043","name_en":"Yukon Plateau","name_zh":"育空高原","atlas_class":"upland_plateau","min_zoom":2,"rank":3,"source":"Natural Earth 1:10m physical label areas v5.0.0"}},{"type":"Feature","geometry":{"type":"Point","coordinates":[-67.69797603821064,-20.53321369198487]},"properties":{"id":"ne-physical-1159104045","name_en":"Altiplano","name_zh":"阿尔蒂普拉诺高原","atlas_class":"upland_plateau","min_zoom":2,"rank":3,"source":"Natural Earth 1:10m physical label areas v5.0.0"}},{"type":"Feature","geometry":{"type":"Point","coordinates":[-58.308408822278196,2.6850039734315914]},"properties":{"id":"ne-physical-1159104047","name_en":"Guiana Highlands","name_zh":"圭亚那地盾","atlas_class":"upland_plateau","min_zoom":2,"rank":3,"source":"Natural Earth 1:10m physical label areas v5.0.0"}},{"type":"Feature","geometry":{"type":"Point","coordinates":[-47.14853642225456,-13.13301290681541]},"properties":{"id":"ne-physical-1159104049","name_en":"Brazilian Highlands","name_zh":"巴西高原","atlas_class":"upland_plateau","min_zoom":2,"rank":3,"source":"Natural Earth 1:10m physical label areas v5.0.0"}},{"type":"Feature","geometry":{"type":"Point","coordinates":[-100.81503725556951,64.87648925781252]},"properties":{"id":"ne-physical-1159104053","name_en":"Barren Grounds","name_zh":"贫瘠之地","atlas_class":"tundra_ice","min_zoom":2,"rank":3,"source":"Natural Earth 1:10m physical label areas v5.0.0"}},{"type":"Feature","geometry":{"type":"Point","coordinates":[128.30930638302257,-31.223321221880923]},"properties":{"id":"ne-physical-1159104055","name_en":"Nullabor Plain","name_zh":"纳拉伯平原","atlas_class":"plains_lowlands","min_zoom":2.83,"rank":3,"source":"Natural Earth 1:10m physical label areas v5.0.0"}},{"type":"Feature","geometry":{"type":"Point","coordinates":[-154.32790754668076,69.92612304687498]},"properties":{"id":"ne-physical-1159104057","name_en":"Alaska North Slope","name_zh":"阿拉斯加北坡","atlas_class":"plains_lowlands","min_zoom":2,"rank":3,"source":"Natural Earth 1:10m physical label areas v5.0.0"}},{"type":"Feature","geometry":{"type":"Point","coordinates":[13.280927409969788,-19.680372426077184]},"properties":{"id":"ne-physical-1159104059","name_en":"Namib","name_zh":"納米比沙漠","atlas_class":"desert_bare","min_zoom":2,"rank":3,"source":"Natural Earth 1:10m physical label areas v5.0.0"}},{"type":"Feature","geometry":{"type":"Point","coordinates":[28.022216448709685,27.654577948040966]},"properties":{"id":"ne-physical-1159104061","name_en":"Western Desert","name_zh":"西部沙漠","atlas_class":"desert_bare","min_zoom":2,"rank":3,"source":"Natural Earth 1:10m physical label areas v5.0.0"}},{"type":"Feature","geometry":{"type":"Point","coordinates":[33.779257472663176,20.050024725384702]},"properties":{"id":"ne-physical-1159104063","name_en":"Nubian Desert","name_zh":"努比亞沙漠","atlas_class":"desert_bare","min_zoom":2,"rank":3,"source":"Natural Earth 1:10m physical label areas v5.0.0"}},{"type":"Feature","geometry":{"type":"Point","coordinates":[124.90695004137169,-20.62181085923296]},"properties":{"id":"ne-physical-1159104065","name_en":"Great Sandy Desert","name_zh":"大沙沙漠","atlas_class":"desert_bare","min_zoom":2.55,"rank":3,"source":"Natural Earth 1:10m physical label areas v5.0.0"}},{"type":"Feature","geometry":{"type":"Point","coordinates":[25.094674729267524,21.161291815228466]},"properties":{"id":"ne-physical-1159104067","name_en":"Libyan Desert","name_zh":"利比亚沙漠","atlas_class":"desert_bare","min_zoom":2,"rank":3,"source":"Natural Earth 1:10m physical label areas v5.0.0"}},{"type":"Feature","geometry":{"type":"Point","coordinates":[128.05352565604773,-28.200127862505923]},"properties":{"id":"ne-physical-1159104071","name_en":"Great Victoria Desert","name_zh":"大维多利亚沙漠","atlas_class":"desert_bare","min_zoom":2.83,"rank":3,"source":"Natural Earth 1:10m physical label areas v5.0.0"}},{"type":"Feature","geometry":{"type":"Point","coordinates":[71.61509086231757,27.460394598431577]},"properties":{"id":"ne-physical-1159104073","name_en":"Thar Desert","name_zh":"塔尔沙漠","atlas_class":"desert_bare","min_zoom":2,"rank":3,"source":"Natural Earth 1:10m physical label areas v5.0.0"}},{"type":"Feature","geometry":{"type":"Point","coordinates":[40.198668874674404,32.35434601444723]},"properties":{"id":"ne-physical-1159104075","name_en":"Syrian Desert","name_zh":"叙利亚沙漠","atlas_class":"desert_bare","min_zoom":2,"rank":3,"source":"Natural Earth 1:10m physical label areas v5.0.0"}},{"type":"Feature","geometry":{"type":"Point","coordinates":[58.93674368558521,40.82532379765033]},"properties":{"id":"ne-physical-1159104077","name_en":"Karakum Desert","name_zh":"卡拉庫姆沙漠","atlas_class":"desert_bare","min_zoom":2,"rank":3,"source":"Natural Earth 1:10m physical label areas v5.0.0"}},{"type":"Feature","geometry":{"type":"Point","coordinates":[63.94515271749577,43.303137518353424]},"properties":{"id":"ne-physical-1159104079","name_en":"Kyzyl Kum","name_zh":"克孜勒库姆沙漠","atlas_class":"desert_bare","min_zoom":2,"rank":3,"source":"Natural Earth 1:10m physical label areas v5.0.0"}},{"type":"Feature","geometry":{"type":"Point","coordinates":[-69.14210014245783,-22.867608331255916]},"properties":{"id":"ne-physical-1159104081","name_en":"Atacama Desert","name_zh":"阿他加马沙漠","atlas_class":"desert_bare","min_zoom":2,"rank":3,"source":"Natural Earth 1:10m physical label areas v5.0.0"}},{"type":"Feature","geometry":{"type":"Point","coordinates":[146.18208503288807,-30.57476165156841]},"properties":{"id":"ne-physical-1159104089","name_en":"Murray–Darling basin","name_zh":"墨累-達令流域","atlas_class":"basin_lowlands","min_zoom":2.55,"rank":3,"source":"Natural Earth 1:10m physical label areas v5.0.0"}},{"type":"Feature","geometry":{"type":"Point","coordinates":[105.11065116384228,30.35764191288473]},"properties":{"id":"ne-physical-1159104091","name_en":"Sichuan Basin","name_zh":"四川盆地","atlas_class":"basin_lowlands","min_zoom":2,"rank":3,"source":"Natural Earth 1:10m physical label areas v5.0.0"}},{"type":"Feature","geometry":{"type":"Point","coordinates":[82.39519425206959,39.089331366009716]},"properties":{"id":"ne-physical-1159104093","name_en":"Tarim Basin","name_zh":"塔里木盆地","atlas_class":"basin_lowlands","min_zoom":2,"rank":3,"source":"Natural Earth 1:10m physical label areas v5.0.0"}},{"type":"Feature","geometry":{"type":"Point","coordinates":[-79.29226715160549,36.39057141433334]},"properties":{"id":"ne-physical-1159104097","name_en":"Piedmont","name_zh":"皮埃蒙特","atlas_class":"mountain_hills","min_zoom":3.03,"rank":3,"source":"Natural Earth 1:10m physical label areas v5.0.0"}},{"type":"Feature","geometry":{"type":"Point","coordinates":[-65.76079616122776,-14.040704134906257]},"properties":{"id":"ne-physical-1159104099","name_en":"Yungas","name_zh":"永加云林","atlas_class":"mountain_hills","min_zoom":2,"rank":3,"source":"Natural Earth 1:10m physical label areas v5.0.0"}},{"type":"Feature","geometry":{"type":"Point","coordinates":[-56.31689958201415,-18.656780136345]},"properties":{"id":"ne-physical-1159104101","name_en":"Pantanal","name_zh":"潘塔納爾濕地","atlas_class":"wetlands_delta","min_zoom":2,"rank":3,"source":"Natural Earth 1:10m physical label areas v5.0.0"}},{"type":"Feature","geometry":{"type":"Point","coordinates":[107.99461515435752,71.90054791012487]},"properties":{"id":"ne-physical-1159104103","name_en":"North Siberian Lowland","name_zh":"北西伯利亞低地","atlas_class":"plains_lowlands","min_zoom":2,"rank":3,"source":"Natural Earth 1:10m physical label areas v5.0.0"}},{"type":"Feature","geometry":{"type":"Point","coordinates":[77.79636344301426,62.57828400272848]},"properties":{"id":"ne-physical-1159104107","name_en":"West Siberian Plain","name_zh":"西西伯利亚平原","atlas_class":"plains_lowlands","min_zoom":2,"rank":3,"source":"Natural Earth 1:10m physical label areas v5.0.0"}},{"type":"Feature","geometry":{"type":"Point","coordinates":[47.19388097853781,46.667471469137695]},"properties":{"id":"ne-physical-1159104109","name_en":"Caspian Depression","name_zh":"裡海盆地","atlas_class":"plains_lowlands","min_zoom":2,"rank":3,"source":"Natural Earth 1:10m physical label areas v5.0.0"}},{"type":"Feature","geometry":{"type":"Point","coordinates":[170.07190192353795,-43.70960837873313]},"properties":{"id":"ne-physical-1159104623","name_en":"Southern Alps/Kā Tiritiri o te Moana","name_zh":"南阿爾卑斯山脈","atlas_class":"mountain_high_relief","min_zoom":3.03,"rank":3,"source":"Natural Earth 1:10m physical label areas v5.0.0"}},{"type":"Feature","geometry":{"type":"Point","coordinates":[1.6802818959973815,33.76754257078713]},"properties":{"id":"ne-physical-1730073315","name_en":"Saharan Atlas","name_zh":"撒哈拉阿特拉斯山脈","atlas_class":"mountain_high_relief","min_zoom":2.83,"rank":3,"source":"Natural Earth 1:10m physical label areas v5.0.0"}},{"type":"Feature","geometry":{"type":"Point","coordinates":[28.838232734828974,-1.4012997375059157]},"properties":{"id":"ne-physical-1730073347","name_en":"Mitumba Mountains","name_zh":"米通巴山脉","atlas_class":"mountain_high_relief","min_zoom":2,"rank":3,"source":"Natural Earth 1:10m physical label areas v5.0.0"}},{"type":"Feature","geometry":{"type":"Point","coordinates":[107.7297063806298,14.112768866009745]},"properties":{"id":"ne-physical-1730073365","name_en":"Central Highlands","name_zh":"中央高地","atlas_class":"mountain_high_relief","min_zoom":2.83,"rank":3,"source":"Natural Earth 1:10m physical label areas v5.0.0"}},{"type":"Feature","geometry":{"type":"Point","coordinates":[97.14714387945907,53.50830719608784]},"properties":{"id":"ne-physical-1730073373","name_en":"Eastern Sayan Mountains","name_zh":"萨彦岭","atlas_class":"mountain_high_relief","min_zoom":2,"rank":3,"source":"Natural Earth 1:10m physical label areas v5.0.0"}},{"type":"Feature","geometry":{"type":"Point","coordinates":[117.04814363646244,54.090185858197216]},"properties":{"id":"ne-physical-1730073379","name_en":"Yablonoi Mountains","name_zh":"雅布洛诺夫山脉","atlas_class":"mountain_high_relief","min_zoom":2,"rank":3,"source":"Natural Earth 1:10m physical label areas v5.0.0"}},{"type":"Feature","geometry":{"type":"Point","coordinates":[37.938498983028055,25.752875067181563]},"properties":{"id":"ne-physical-1730073417","name_en":"Hejaz Mountains","name_zh":"希贾兹山脉","atlas_class":"mountain_high_relief","min_zoom":2.83,"rank":3,"source":"Natural Earth 1:10m physical label areas v5.0.0"}},{"type":"Feature","geometry":{"type":"Point","coordinates":[42.64362049467931,18.939734198040938]},"properties":{"id":"ne-physical-1730073421","name_en":"Asir Mountains","name_zh":"阿西尔山脉","atlas_class":"mountain_high_relief","min_zoom":2.83,"rank":3,"source":"Natural Earth 1:10m physical label areas v5.0.0"}},{"type":"Feature","geometry":{"type":"Point","coordinates":[53.8610434755297,36.608618475384716]},"properties":{"id":"ne-physical-1730073425","name_en":"Elburz Mountains","name_zh":"厄尔布尔士山脉","atlas_class":"mountain_high_relief","min_zoom":2,"rank":3,"source":"Natural Earth 1:10m physical label areas v5.0.0"}},{"type":"Feature","geometry":{"type":"Point","coordinates":[-71.83909916909144,-13.019047044264418]},"properties":{"id":"ne-physical-1730073491","name_en":"Cordillera Oriental","name_zh":"哥倫比亞東部山脈","atlas_class":"mountain_high_relief","min_zoom":2.83,"rank":3,"source":"Natural Earth 1:10m physical label areas v5.0.0"}},{"type":"Feature","geometry":{"type":"Point","coordinates":[-47.840422508559016,-0.7778547040658736]},"properties":{"id":"ne-physical-1730073521","name_en":"Amazon Delta","name_zh":"亚马逊河三角洲","atlas_class":"wetlands_delta","min_zoom":2,"rank":3,"source":"Natural Earth 1:10m physical label areas v5.0.0"}},{"type":"Feature","geometry":{"type":"Point","coordinates":[128.75684748731658,57.935217596478466]},"properties":{"id":"ne-physical-1730073599","name_en":"Aldan Highlands","name_zh":"阿尔丹高地","atlas_class":"upland_plateau","min_zoom":2.83,"rank":3,"source":"Natural Earth 1:10m physical label areas v5.0.0"}},{"type":"Feature","geometry":{"type":"Point","coordinates":[-104.18918118592478,25.89642975468159]},"properties":{"id":"ne-physical-1730073629","name_en":"Mexican Plateau","name_zh":"墨西哥高地","atlas_class":"upland_plateau","min_zoom":2.83,"rank":3,"source":"Natural Earth 1:10m physical label areas v5.0.0"}},{"type":"Feature","geometry":{"type":"Point","coordinates":[-79.3414372992093,40.65375397343156]},"properties":{"id":"ne-physical-1730073633","name_en":"Allegheny Plateau","name_zh":"阿勒格尼高原","atlas_class":"upland_plateau","min_zoom":2.55,"rank":3,"source":"Natural Earth 1:10m physical label areas v5.0.0"}},{"type":"Feature","geometry":{"type":"Point","coordinates":[-86.26420341600351,35.952246405072216]},"properties":{"id":"ne-physical-1730073637","name_en":"Cumberland Plateau","name_zh":"坎伯兰高原","atlas_class":"upland_plateau","min_zoom":3.03,"rank":3,"source":"Natural Earth 1:10m physical label areas v5.0.0"}},{"type":"Feature","geometry":{"type":"Point","coordinates":[-60.24918414638719,-21.66106536250588]},"properties":{"id":"ne-physical-1730073675","name_en":"Chaco Boreal","name_zh":"北查科","atlas_class":"plains_lowlands","min_zoom":2,"rank":3,"source":"Natural Earth 1:10m physical label areas v5.0.0"}},{"type":"Feature","geometry":{"type":"Point","coordinates":[-61.22969042578185,-27.632348616887953]},"properties":{"id":"ne-physical-1730073679","name_en":"Chaco Austral","name_zh":"南查科","atlas_class":"plains_lowlands","min_zoom":2.83,"rank":3,"source":"Natural Earth 1:10m physical label areas v5.0.0"}},{"type":"Feature","geometry":{"type":"Point","coordinates":[31.06734269180515,30.77228424686909]},"properties":{"id":"ne-physical-1159103505","name_en":"Nile Delta","name_zh":"尼罗河三角洲","atlas_class":"wetlands_delta","min_zoom":3.14,"rank":4,"source":"Natural Earth 1:10m physical label areas v5.0.0"}},{"type":"Feature","geometry":{"type":"Point","coordinates":[126.03532536859905,72.92765823671584]},"properties":{"id":"ne-physical-1159103507","name_en":"Lena Delta","name_zh":"勒拿河三角洲","atlas_class":"wetlands_delta","min_zoom":3.14,"rank":4,"source":"Natural Earth 1:10m physical label areas v5.0.0"}},{"type":"Feature","geometry":{"type":"Point","coordinates":[67.81394491096887,24.382422186322202]},"properties":{"id":"ne-physical-1159103509","name_en":"Indus River Delta","name_zh":"印度河三角洲","atlas_class":"wetlands_delta","min_zoom":3.14,"rank":4,"source":"Natural Earth 1:10m physical label areas v5.0.0"}},{"type":"Feature","geometry":{"type":"Point","coordinates":[89.07210783181617,23.00612792968758]},"properties":{"id":"ne-physical-1159103515","name_en":"Ganges Delta","name_zh":"恒河三角洲","atlas_class":"wetlands_delta","min_zoom":3.14,"rank":4,"source":"Natural Earth 1:10m physical label areas v5.0.0"}},{"type":"Feature","geometry":{"type":"Point","coordinates":[-7.552129445393614,30.079901434369077]},"properties":{"id":"ne-physical-1159103521","name_en":"Anti-Atlas","name_zh":"小阿特拉斯山脈","atlas_class":"mountain_high_relief","min_zoom":4.0,"rank":4,"source":"Natural Earth 1:10m physical label areas v5.0.0"}},{"type":"Feature","geometry":{"type":"Point","coordinates":[-51.38380100042065,-26.45708587031845]},"properties":{"id":"ne-physical-1159103527","name_en":"Serra Geral","name_zh":"热拉尔山脉","atlas_class":"mountain_high_relief","min_zoom":3.14,"rank":4,"source":"Natural Earth 1:10m physical label areas v5.0.0"}},{"type":"Feature","geometry":{"type":"Point","coordinates":[-45.39683996884076,-22.923049771096707]},"properties":{"id":"ne-physical-1159103531","name_en":"Serra da Mantiquiera","name_zh":"曼蒂凯拉山脉","atlas_class":"mountain_high_relief","min_zoom":3.14,"rank":4,"source":"Natural Earth 1:10m physical label areas v5.0.0"}},{"type":"Feature","geometry":{"type":"Point","coordinates":[-92.56166132847065,16.35257599491601]},"properties":{"id":"ne-physical-1159103533","name_en":"Sierra Madre de Chiapas","name_zh":"恰帕斯州馬德雷山脈","atlas_class":"mountain_high_relief","min_zoom":3.14,"rank":4,"source":"Natural Earth 1:10m physical label areas v5.0.0"}},{"type":"Feature","geometry":{"type":"Point","coordinates":[-128.07185615379933,62.01178619999409]},"properties":{"id":"ne-physical-1159103535","name_en":"Selwyn Mountains","name_zh":"塞尔温山脉","atlas_class":"mountain_high_relief","min_zoom":2,"rank":4,"source":"Natural Earth 1:10m physical label areas v5.0.0"}},{"type":"Feature","geometry":{"type":"Point","coordinates":[-118.64377047271631,51.70435211796283]},"properties":{"id":"ne-physical-1159103537","name_en":"Columbia Kootenay Mountain","name_zh":"哥伦比亚山脉","atlas_class":"mountain_high_relief","min_zoom":2.55,"rank":4,"source":"Natural Earth 1:10m physical label areas v5.0.0"}},{"type":"Feature","geometry":{"type":"Point","coordinates":[99.81147992966157,47.136145330853466]},"properties":{"id":"ne-physical-1159103543","name_en":"Khangai Mountains","name_zh":"杭爱山","atlas_class":"mountain_high_relief","min_zoom":3.14,"rank":4,"source":"Natural Earth 1:10m physical label areas v5.0.0"}},{"type":"Feature","geometry":{"type":"Point","coordinates":[128.16797085243388,41.1709048523378]},"properties":{"id":"ne-physical-1159103545","name_en":"Hamgyong Mountains","name_zh":"咸镜山脉","atlas_class":"mountain_high_relief","min_zoom":3.14,"rank":4,"source":"Natural Earth 1:10m physical label areas v5.0.0"}},{"type":"Feature","geometry":{"type":"Point","coordinates":[160.16082648733635,57.424078680462884]},"properties":{"id":"ne-physical-1159103549","name_en":"Sredinny Range","name_zh":"中部山脈","atlas_class":"mountain_high_relief","min_zoom":3.14,"rank":4,"source":"Natural Earth 1:10m physical label areas v5.0.0"}},{"type":"Feature","geometry":{"type":"Point","coordinates":[169.9771253965456,62.18583277048269]},"properties":{"id":"ne-physical-1159103551","name_en":"Koryak Mountains","name_zh":"科爾亞克山脈","atlas_class":"mountain_high_relief","min_zoom":3.14,"rank":4,"source":"Natural Earth 1:10m physical label areas v5.0.0"}},{"type":"Feature","geometry":{"type":"Point","coordinates":[158.65055364146025,62.78867218632223]},"properties":{"id":"ne-physical-1159103553","name_en":"Kolyma mountains","name_zh":"科雷馬山脈","atlas_class":"mountain_high_relief","min_zoom":3.14,"rank":4,"source":"Natural Earth 1:10m physical label areas v5.0.0"}},{"type":"Feature","geometry":{"type":"Point","coordinates":[140.238631952459,66.59436676640033]},"properties":{"id":"ne-physical-1159103555","name_en":"Chersky Range","name_zh":"切爾斯基山脈","atlas_class":"mountain_high_relief","min_zoom":2.55,"rank":4,"source":"Natural Earth 1:10m physical label areas v5.0.0"}},{"type":"Feature","geometry":{"type":"Point","coordinates":[93.09113873622448,22.626349188275356]},"properties":{"id":"ne-physical-1159103557","name_en":"Chin Hills","name_zh":"钦山脉","atlas_class":"mountain_high_relief","min_zoom":3.14,"rank":4,"source":"Natural Earth 1:10m physical label areas v5.0.0"}},{"type":"Feature","geometry":{"type":"Point","coordinates":[92.10084394435603,50.729162908978466]},"properties":{"id":"ne-physical-1159103567","name_en":"Tannu-Ola mountains","name_zh":"唐努烏拉山脈","atlas_class":"mountain_high_relief","min_zoom":3.14,"rank":4,"source":"Natural Earth 1:10m physical label areas v5.0.0"}},{"type":"Feature","geometry":{"type":"Point","coordinates":[113.74059556608702,38.64249298710344]},"properties":{"id":"ne-physical-1159103569","name_en":"Taihang Mountains","name_zh":"太行山","atlas_class":"mountain_high_relief","min_zoom":3.14,"rank":4,"source":"Natural Earth 1:10m physical label areas v5.0.0"}},{"type":"Feature","geometry":{"type":"Point","coordinates":[112.06143776228228,37.821081854290966]},"properties":{"id":"ne-physical-1159103571","name_en":"Lüliang Mountains","name_zh":"吕梁山","atlas_class":"mountain_high_relief","min_zoom":3.14,"rank":4,"source":"Natural Earth 1:10m physical label areas v5.0.0"}},{"type":"Feature","geometry":{"type":"Point","coordinates":[109.26692376703078,33.72412750858783]},"properties":{"id":"ne-physical-1159103573","name_en":"Qinling","name_zh":"秦岭","atlas_class":"mountain_high_relief","min_zoom":3.14,"rank":4,"source":"Natural Earth 1:10m physical label areas v5.0.0"}},{"type":"Feature","geometry":{"type":"Point","coordinates":[106.00948350735283,27.984595037884716]},"properties":{"id":"ne-physical-1159103575","name_en":"Dalou Mountains","name_zh":"大娄山","atlas_class":"mountain_high_relief","min_zoom":3.14,"rank":4,"source":"Natural Earth 1:10m physical label areas v5.0.0"}},{"type":"Feature","geometry":{"type":"Point","coordinates":[103.24319009923957,14.692175604290952]},"properties":{"id":"ne-physical-1159103577","name_en":"Dângrêk Mountains","name_zh":"扁擔山脈","atlas_class":"mountain_high_relief","min_zoom":3.14,"rank":4,"source":"Natural Earth 1:10m physical label areas v5.0.0"}},{"type":"Feature","geometry":{"type":"Point","coordinates":[94.31329761277269,25.414984442181606]},"properties":{"id":"ne-physical-1159103579","name_en":"Naga hills","name_zh":"納加丘陵","atlas_class":"mountain_high_relief","min_zoom":3.14,"rank":4,"source":"Natural Earth 1:10m physical label areas v5.0.0"}},{"type":"Feature","geometry":{"type":"Point","coordinates":[94.59298675266942,19.211432196087856]},"properties":{"id":"ne-physical-1159103581","name_en":"Arakan Mountains","name_zh":"若开山脉","atlas_class":"mountain_high_relief","min_zoom":3.14,"rank":4,"source":"Natural Earth 1:10m physical label areas v5.0.0"}},{"type":"Feature","geometry":{"type":"Point","coordinates":[77.62712064570744,22.07495758671284]},"properties":{"id":"ne-physical-1159103587","name_en":"Satpura Range","name_zh":"薩特布拉山脈","atlas_class":"mountain_high_relief","min_zoom":3.14,"rank":4,"source":"Natural Earth 1:10m physical label areas v5.0.0"}},{"type":"Feature","geometry":{"type":"Point","coordinates":[83.67678069270667,44.00021836353166]},"properties":{"id":"ne-physical-1159103591","name_en":"Borohoro Mountains","name_zh":"","atlas_class":"mountain_high_relief","min_zoom":3.14,"rank":4,"source":"Natural Earth 1:10m physical label areas v5.0.0"}},{"type":"Feature","geometry":{"type":"Point","coordinates":[91.94046153704463,25.893774725384716]},"properties":{"id":"ne-physical-1159103595","name_en":"Khasi Hills","name_zh":"卡西丘陵","atlas_class":"mountain_high_relief","min_zoom":3.14,"rank":4,"source":"Natural Earth 1:10m physical label areas v5.0.0"}},{"type":"Feature","geometry":{"type":"Point","coordinates":[45.251906309724035,40.65762970585345]},"properties":{"id":"ne-physical-1159103597","name_en":"Lesser Caucasus","name_zh":"小高加索山脈","atlas_class":"mountain_high_relief","min_zoom":3.14,"rank":4,"source":"Natural Earth 1:10m physical label areas v5.0.0"}},{"type":"Feature","geometry":{"type":"Point","coordinates":[36.3828423921623,41.026678778119106]},"properties":{"id":"ne-physical-1159103599","name_en":"Pontic Mountains","name_zh":"本廷山脈","atlas_class":"mountain_high_relief","min_zoom":3.14,"rank":4,"source":"Natural Earth 1:10m physical label areas v5.0.0"}},{"type":"Feature","geometry":{"type":"Point","coordinates":[25.007924620919294,43.21600983280658]},"properties":{"id":"ne-physical-1159103605","name_en":"Balkan Mountains","name_zh":"巴尔干山脉","atlas_class":"mountain_high_relief","min_zoom":3.14,"rank":4,"source":"Natural Earth 1:10m physical label areas v5.0.0"}},{"type":"Feature","geometry":{"type":"Point","coordinates":[-4.666461930998356,43.053229071087856]},"properties":{"id":"ne-physical-1159103609","name_en":"Cantabrian Mountains","name_zh":"坎塔布连山脉","atlas_class":"mountain_high_relief","min_zoom":3.14,"rank":4,"source":"Natural Earth 1:10m physical label areas v5.0.0"}},{"type":"Feature","geometry":{"type":"Point","coordinates":[-3.3106112186232455,37.32825348515033]},"properties":{"id":"ne-physical-1159103611","name_en":"Sierra Nevada","name_zh":"內華達山脈","atlas_class":"mountain_high_relief","min_zoom":3.14,"rank":4,"source":"Natural Earth 1:10m physical label areas v5.0.0"}},{"type":"Feature","geometry":{"type":"Point","coordinates":[-5.588057777150135,38.09738800663469]},"properties":{"id":"ne-physical-1159103613","name_en":"Sierra Morena","name_zh":"莫雷納山脈","atlas_class":"mountain_high_relief","min_zoom":4.0,"rank":4,"source":"Natural Earth 1:10m physical label areas v5.0.0"}},{"type":"Feature","geometry":{"type":"Point","coordinates":[13.16062849555215,24.759649969525327]},"properties":{"id":"ne-physical-1159103617","name_en":"Murzuq Desert","name_zh":"邁爾祖格沙漠","atlas_class":"desert_bare","min_zoom":3.14,"rank":4,"source":"Natural Earth 1:10m physical label areas v5.0.0"}},{"type":"Feature","geometry":{"type":"Point","coordinates":[-5.887737030058362,28.98513077708259]},"properties":{"id":"ne-physical-1159103621","name_en":"Hamada du Draa","name_zh":"德拉杜沙漠","atlas_class":"desert_bare","min_zoom":4.0,"rank":4,"source":"Natural Earth 1:10m physical label areas v5.0.0"}},{"type":"Feature","geometry":{"type":"Point","coordinates":[12.859840485160744,19.383539343043324]},"properties":{"id":"ne-physical-1159103623","name_en":"Ténéré","name_zh":"泰內雷沙漠","atlas_class":"desert_bare","min_zoom":3.14,"rank":4,"source":"Natural Earth 1:10m physical label areas v5.0.0"}},{"type":"Feature","geometry":{"type":"Point","coordinates":[7.921465124562002,30.712744451947188]},"properties":{"id":"ne-physical-1159103631","name_en":"Grand Erg Oriental","name_zh":"东部大尔格沙漠","atlas_class":"desert_bare","min_zoom":2.55,"rank":4,"source":"Natural Earth 1:10m physical label areas v5.0.0"}},{"type":"Feature","geometry":{"type":"Point","coordinates":[0.7868447934251104,30.792120672650356]},"properties":{"id":"ne-physical-1159103633","name_en":"Grand Erg Occidental","name_zh":"西大厄尔格","atlas_class":"desert_bare","min_zoom":3.14,"rank":4,"source":"Natural Earth 1:10m physical label areas v5.0.0"}},{"type":"Feature","geometry":{"type":"Point","coordinates":[-6.827714326670791,21.413230653389007]},"properties":{"id":"ne-physical-1159103639","name_en":"El Djouf","name_zh":"迪乌夫沙漠","atlas_class":"desert_bare","min_zoom":3.14,"rank":4,"source":"Natural Earth 1:10m physical label areas v5.0.0"}},{"type":"Feature","geometry":{"type":"Point","coordinates":[-104.6409099979411,29.279211737103466]},"properties":{"id":"ne-physical-1159103641","name_en":"Chihuahuan Desert","name_zh":"奇瓦瓦沙漠","atlas_class":"desert_bare","min_zoom":3.14,"rank":4,"source":"Natural Earth 1:10m physical label areas v5.0.0"}},{"type":"Feature","geometry":{"type":"Point","coordinates":[-112.21701015356996,31.273837085672064]},"properties":{"id":"ne-physical-1159103643","name_en":"Sonoran Desert","name_zh":"索诺拉沙漠","atlas_class":"desert_bare","min_zoom":2.55,"rank":4,"source":"Natural Earth 1:10m physical label areas v5.0.0"}},{"type":"Feature","geometry":{"type":"Point","coordinates":[-113.50627923951802,40.576300360150356]},"properties":{"id":"ne-physical-1159103645","name_en":"Great Salt Lake Desert","name_zh":"大鹽湖沙漠","atlas_class":"desert_bare","min_zoom":3.14,"rank":4,"source":"Natural Earth 1:10m physical label areas v5.0.0"}},{"type":"Feature","geometry":{"type":"Point","coordinates":[125.02206101056562,-24.360162042193423]},"properties":{"id":"ne-physical-1159103647","name_en":"Gibson Desert","name_zh":"吉布森沙漠","atlas_class":"desert_bare","min_zoom":3.14,"rank":4,"source":"Natural Earth 1:10m physical label areas v5.0.0"}},{"type":"Feature","geometry":{"type":"Point","coordinates":[108.0321534033132,39.04447052616598]},"properties":{"id":"ne-physical-1159103649","name_en":"Ordos Desert","name_zh":"鄂爾多斯沙漠","atlas_class":"desert_bare","min_zoom":3.14,"rank":4,"source":"Natural Earth 1:10m physical label areas v5.0.0"}},{"type":"Feature","geometry":{"type":"Point","coordinates":[82.77240695397097,38.9085452331972]},"properties":{"id":"ne-physical-1159103651","name_en":"Taklamakan","name_zh":"塔克拉玛干沙漠","atlas_class":"desert_bare","min_zoom":3.14,"rank":4,"source":"Natural Earth 1:10m physical label areas v5.0.0"}},{"type":"Feature","geometry":{"type":"Point","coordinates":[57.80090476300958,31.70905182499412]},"properties":{"id":"ne-physical-1159103653","name_en":"Dasht-e Lut","name_zh":"盧特沙漠","atlas_class":"desert_bare","min_zoom":3.14,"rank":4,"source":"Natural Earth 1:10m physical label areas v5.0.0"}},{"type":"Feature","geometry":{"type":"Point","coordinates":[11.753026897984084,6.695166326947231]},"properties":{"id":"ne-physical-1159103689","name_en":"Adamawa Plateau","name_zh":"阿達馬瓦高原","atlas_class":"upland_plateau","min_zoom":3.14,"rank":4,"source":"Natural Earth 1:10m physical label areas v5.0.0"}},{"type":"Feature","geometry":{"type":"Point","coordinates":[19.435504941132102,-12.824395440630894]},"properties":{"id":"ne-physical-1159103695","name_en":"Bié Plateau","name_zh":"比耶高原","atlas_class":"upland_plateau","min_zoom":3.14,"rank":4,"source":"Natural Earth 1:10m physical label areas v5.0.0"}},{"type":"Feature","geometry":{"type":"Point","coordinates":[-92.22406052484504,36.39847296996362]},"properties":{"id":"ne-physical-1159103699","name_en":"Ozarks","name_zh":"歐薩克高原","atlas_class":"upland_plateau","min_zoom":3.14,"rank":4,"source":"Natural Earth 1:10m physical label areas v5.0.0"}},{"type":"Feature","geometry":{"type":"Point","coordinates":[-124.2365428775544,53.23725006718156]},"properties":{"id":"ne-physical-1159103703","name_en":"Fraser Plateau","name_zh":"弗雷泽高地","atlas_class":"upland_plateau","min_zoom":3.14,"rank":4,"source":"Natural Earth 1:10m physical label areas v5.0.0"}},{"type":"Feature","geometry":{"type":"Point","coordinates":[-89.51989241144989,46.56076691288469]},"properties":{"id":"ne-physical-1159103705","name_en":"Laurentian Upland","name_zh":"苏必利尔高地","atlas_class":"upland_plateau","min_zoom":3.14,"rank":4,"source":"Natural Earth 1:10m physical label areas v5.0.0"}},{"type":"Feature","geometry":{"type":"Point","coordinates":[55.2571611250432,43.924597479290966]},"properties":{"id":"ne-physical-1159103713","name_en":"Ustyurt Plateau","name_zh":"乌斯秋尔特高原","atlas_class":"upland_plateau","min_zoom":3.14,"rank":4,"source":"Natural Earth 1:10m physical label areas v5.0.0"}},{"type":"Feature","geometry":{"type":"Point","coordinates":[107.4565793526136,36.1996829285097]},"properties":{"id":"ne-physical-1159103717","name_en":"Loess Plateau","name_zh":"黄土高原","atlas_class":"upland_plateau","min_zoom":3.14,"rank":4,"source":"Natural Earth 1:10m physical label areas v5.0.0"}},{"type":"Feature","geometry":{"type":"Point","coordinates":[93.89017664407805,37.22788117069726]},"properties":{"id":"ne-physical-1159103721","name_en":"Qaidam Basin","name_zh":"柴达木盆地","atlas_class":"basin_lowlands","min_zoom":3.14,"rank":4,"source":"Natural Earth 1:10m physical label areas v5.0.0"}},{"type":"Feature","geometry":{"type":"Point","coordinates":[-112.66303299473026,36.3359133972597]},"properties":{"id":"ne-physical-1159103741","name_en":"Grand Canyon","name_zh":"科羅拉多大峽谷","atlas_class":"badlands_canyon","min_zoom":3.14,"rank":4,"source":"Natural Earth 1:10m physical label areas v5.0.0"}},{"type":"Feature","geometry":{"type":"Point","coordinates":[109.67009546928318,30.850805975384716]},"properties":{"id":"ne-physical-1159103743","name_en":"Three Gorges","name_zh":"长江三峡","atlas_class":"badlands_canyon","min_zoom":3.14,"rank":4,"source":"Natural Earth 1:10m physical label areas v5.0.0"}},{"type":"Feature","geometry":{"type":"Point","coordinates":[95.2611378204318,28.87906525272848]},"properties":{"id":"ne-physical-1159103747","name_en":"Yarlung Tsangpo Grand Canyon","name_zh":"雅鲁藏布大峡谷","atlas_class":"badlands_canyon","min_zoom":3.14,"rank":4,"source":"Natural Earth 1:10m physical label areas v5.0.0"}},{"type":"Feature","geometry":{"type":"Point","coordinates":[169.03582589173868,-71.87677777296743]},"properties":{"id":"ne-physical-1159104373","name_en":"Admiralty Mountains","name_zh":"阿德默勒爾蒂山脈","atlas_class":"mountain_high_relief","min_zoom":3.14,"rank":4,"source":"Natural Earth 1:10m physical label areas v5.0.0"}},{"type":"Feature","geometry":{"type":"Point","coordinates":[161.16578647451638,-76.53472449641706]},"properties":{"id":"ne-physical-1159104377","name_en":"Prince Albert Mountains","name_zh":"阿爾伯特親王山脈","atlas_class":"mountain_high_relief","min_zoom":3.14,"rank":4,"source":"Natural Earth 1:10m physical label areas v5.0.0"}},{"type":"Feature","geometry":{"type":"Point","coordinates":[167.3264197406924,-84.13408973079207]},"properties":{"id":"ne-physical-1159104379","name_en":"Queen Alexandra Range","name_zh":"亞歷山德拉皇后山脈","atlas_class":"mountain_high_relief","min_zoom":3.14,"rank":4,"source":"Natural Earth 1:10m physical label areas v5.0.0"}},{"type":"Feature","geometry":{"type":"Point","coordinates":[-133.57850009958509,-75.74993445735456]},"properties":{"id":"ne-physical-1159104485","name_en":"Flood Range","name_zh":"弗拉德山脈","atlas_class":"mountain_high_relief","min_zoom":3.14,"rank":4,"source":"Natural Earth 1:10m physical label areas v5.0.0"}},{"type":"Feature","geometry":{"type":"Point","coordinates":[-144.73789064950745,-77.33324744563582]},"properties":{"id":"ne-physical-1159104487","name_en":"Ford Ranges","name_zh":"福特山脈","atlas_class":"mountain_high_relief","min_zoom":3.14,"rank":4,"source":"Natural Earth 1:10m physical label areas v5.0.0"}},{"type":"Feature","geometry":{"type":"Point","coordinates":[66.03815481486296,-72.29833533626083]},"properties":{"id":"ne-physical-1159104507","name_en":"Prince Charles Mountains","name_zh":"查爾斯王子山脈","atlas_class":"mountain_high_relief","min_zoom":3.14,"rank":4,"source":"Natural Earth 1:10m physical label areas v5.0.0"}},{"type":"Feature","geometry":{"type":"Point","coordinates":[50.24185084375991,-67.69671180110453]},"properties":{"id":"ne-physical-1159104511","name_en":"Scott Mountains","name_zh":"斯科特山脈","atlas_class":"mountain_high_relief","min_zoom":3.14,"rank":4,"source":"Natural Earth 1:10m physical label areas v5.0.0"}},{"type":"Feature","geometry":{"type":"Point","coordinates":[54.681004635678846,-66.54528357844828]},"properties":{"id":"ne-physical-1159104513","name_en":"Napier Mountains","name_zh":"內皮爾山脈","atlas_class":"mountain_high_relief","min_zoom":3.14,"rank":4,"source":"Natural Earth 1:10m physical label areas v5.0.0"}},{"type":"Feature","geometry":{"type":"Point","coordinates":[-24.21469218768493,-80.51098182063578]},"properties":{"id":"ne-physical-1159104515","name_en":"Shackleton Range","name_zh":"沙克爾頓山脈","atlas_class":"mountain_high_relief","min_zoom":3.14,"rank":4,"source":"Natural Earth 1:10m physical label areas v5.0.0"}},{"type":"Feature","geometry":{"type":"Point","coordinates":[36.13886069668937,-18.54697265624992]},"properties":{"id":"ne-physical-1730072537","name_en":"Zambezi Delta","name_zh":"赞比西三角洲","atlas_class":"wetlands_delta","min_zoom":3.14,"rank":4,"source":"Natural Earth 1:10m physical label areas v5.0.0"}},{"type":"Feature","geometry":{"type":"Point","coordinates":[95.29277868699364,16.774438476562466]},"properties":{"id":"ne-physical-1730072555","name_en":"Irrawaddy Delta","name_zh":"伊洛瓦底三角洲","atlas_class":"wetlands_delta","min_zoom":3.14,"rank":4,"source":"Natural Earth 1:10m physical label areas v5.0.0"}},{"type":"Feature","geometry":{"type":"Point","coordinates":[29.93226428084708,-14.303887628130951]},"properties":{"id":"ne-physical-1730072577","name_en":"Muchinga Mountains","name_zh":"穆钦加山脉","atlas_class":"mountain_high_relief","min_zoom":3.14,"rank":4,"source":"Natural Earth 1:10m physical label areas v5.0.0"}},{"type":"Feature","geometry":{"type":"Point","coordinates":[-49.36888581205966,-27.230898892190424]},"properties":{"id":"ne-physical-1730072581","name_en":"Serra do Mar","name_zh":"马尔山脉","atlas_class":"mountain_high_relief","min_zoom":3.14,"rank":4,"source":"Natural Earth 1:10m physical label areas v5.0.0"}},{"type":"Feature","geometry":{"type":"Point","coordinates":[-63.08324663893151,5.453467108197259]},"properties":{"id":"ne-physical-1730072595","name_en":"Guiana Highlands","name_zh":"圭亚那地盾","atlas_class":"mountain_high_relief","min_zoom":3.14,"rank":4,"source":"Natural Earth 1:10m physical label areas v5.0.0"}},{"type":"Feature","geometry":{"type":"Point","coordinates":[-63.971322143821524,59.235766601562574]},"properties":{"id":"ne-physical-1730072611","name_en":"Torngat Mountains","name_zh":"托恩加特山脉","atlas_class":"mountain_high_relief","min_zoom":2.55,"rank":4,"source":"Natural Earth 1:10m physical label areas v5.0.0"}},{"type":"Feature","geometry":{"type":"Point","coordinates":[144.82551745900628,-6.406121514849644]},"properties":{"id":"ne-physical-1730072617","name_en":"New Guinea Highlands","name_zh":"巴布亞新幾內亞高地","atlas_class":"mountain_high_relief","min_zoom":3.14,"rank":4,"source":"Natural Earth 1:10m physical label areas v5.0.0"}},{"type":"Feature","geometry":{"type":"Point","coordinates":[108.6591759740227,41.611365057415924]},"properties":{"id":"ne-physical-1730072653","name_en":"Yin Mountains","name_zh":"阴山","atlas_class":"mountain_high_relief","min_zoom":3.14,"rank":4,"source":"Natural Earth 1:10m physical label areas v5.0.0"}},{"type":"Feature","geometry":{"type":"Point","coordinates":[93.47884558231797,52.27899316603356]},"properties":{"id":"ne-physical-1730072659","name_en":"Western Sayan","name_zh":"西萨彦岭","atlas_class":"mountain_high_relief","min_zoom":3.14,"rank":4,"source":"Natural Earth 1:10m physical label areas v5.0.0"}},{"type":"Feature","geometry":{"type":"Point","coordinates":[89.6495011980328,51.66147492069723]},"properties":{"id":"ne-physical-1730072663","name_en":"Abakan Range","name_zh":"阿巴坎斯基拉山脉","atlas_class":"mountain_high_relief","min_zoom":3.14,"rank":4,"source":"Natural Earth 1:10m physical label areas v5.0.0"}},{"type":"Feature","geometry":{"type":"Point","coordinates":[77.13049395986371,9.54852936405657]},"properties":{"id":"ne-physical-1730072703","name_en":"Western Ghats","name_zh":"南高止山脉","atlas_class":"mountain_high_relief","min_zoom":3.14,"rank":4,"source":"Natural Earth 1:10m physical label areas v5.0.0"}},{"type":"Feature","geometry":{"type":"Point","coordinates":[73.95114145738643,33.658179022259745]},"properties":{"id":"ne-physical-1730072715","name_en":"Salt Range","name_zh":"盐岭","atlas_class":"mountain_high_relief","min_zoom":3.14,"rank":4,"source":"Natural Earth 1:10m physical label areas v5.0.0"}},{"type":"Feature","geometry":{"type":"Point","coordinates":[79.62884058932443,45.12995026249409]},"properties":{"id":"ne-physical-1730072723","name_en":"Alataw Mountains","name_zh":"阿拉塔山脉","atlas_class":"mountain_high_relief","min_zoom":3.14,"rank":4,"source":"Natural Earth 1:10m physical label areas v5.0.0"}},{"type":"Feature","geometry":{"type":"Point","coordinates":[52.753204199641196,31.775946356244063]},"properties":{"id":"ne-physical-1730072741","name_en":"Kuhrud Mountains","name_zh":"库鲁德山脉","atlas_class":"mountain_high_relief","min_zoom":3.14,"rank":4,"source":"Natural Earth 1:10m physical label areas v5.0.0"}},{"type":"Feature","geometry":{"type":"Point","coordinates":[18.317521440787395,44.01865265507223]},"properties":{"id":"ne-physical-1730072751","name_en":"Dinaric Alps","name_zh":"狄那里克阿尔卑斯山脉","atlas_class":"mountain_high_relief","min_zoom":3.14,"rank":4,"source":"Natural Earth 1:10m physical label areas v5.0.0"}},{"type":"Feature","geometry":{"type":"Point","coordinates":[49.19646080575161,15.258584750387698]},"properties":{"id":"ne-physical-1730072769","name_en":"Hadhramaut","name_zh":"哈德拉毛","atlas_class":"mountain_high_relief","min_zoom":3.14,"rank":4,"source":"Natural Earth 1:10m physical label areas v5.0.0"}},{"type":"Feature","geometry":{"type":"Point","coordinates":[6.32038656616678,21.356445421774424]},"properties":{"id":"ne-physical-1730072787","name_en":"Tassili oua-n-Ahaggar","name_zh":"阿哈加尔高原","atlas_class":"desert_bare","min_zoom":4.0,"rank":4,"source":"Natural Earth 1:10m physical label areas v5.0.0"}},{"type":"Feature","geometry":{"type":"Point","coordinates":[8.814006623206458,25.114660955853466]},"properties":{"id":"ne-physical-1730072791","name_en":"Tassili n'Ajjer","name_zh":"阿杰尔的塔西利","atlas_class":"desert_bare","min_zoom":3.14,"rank":4,"source":"Natural Earth 1:10m physical label areas v5.0.0"}},{"type":"Feature","geometry":{"type":"Point","coordinates":[22.512448284230246,28.185950018353495]},"properties":{"id":"ne-physical-1730072795","name_en":"Calanshio Sand Sea","name_zh":"卡兰西奥大沙海","atlas_class":"desert_bare","min_zoom":4.0,"rank":4,"source":"Natural Earth 1:10m physical label areas v5.0.0"}},{"type":"Feature","geometry":{"type":"Point","coordinates":[-2.3593498424981796,25.374762274212827]},"properties":{"id":"ne-physical-1730072811","name_en":"Erg Chech","name_zh":"舍什沙漠","atlas_class":"desert_bare","min_zoom":3.14,"rank":4,"source":"Natural Earth 1:10m physical label areas v5.0.0"}},{"type":"Feature","geometry":{"type":"Point","coordinates":[32.04621720685169,-5.839410089068409]},"properties":{"id":"ne-physical-1730072913","name_en":"Iwembere Steppe","name_zh":"伊温贝尔草原","atlas_class":"plains_lowlands","min_zoom":4.0,"rank":4,"source":"Natural Earth 1:10m physical label areas v5.0.0"}},{"type":"Feature","geometry":{"type":"Point","coordinates":[-145.81906235833324,66.54733917850969]},"properties":{"id":"ne-physical-1730072921","name_en":"Yukon Flats","name_zh":"育空平原","atlas_class":"plains_lowlands","min_zoom":3.14,"rank":4,"source":"Natural Earth 1:10m physical label areas v5.0.0"}},{"type":"Feature","geometry":{"type":"Point","coordinates":[-70.89952234432502,49.25647483772707]},"properties":{"id":"ne-physical-1730072927","name_en":"Laurentides","name_zh":"劳伦希山脉","atlas_class":"plains_lowlands","min_zoom":2.55,"rank":4,"source":"Natural Earth 1:10m physical label areas v5.0.0"}},{"type":"Feature","geometry":{"type":"Point","coordinates":[14.317330422937683,-15.708710627254831]},"properties":{"id":"ne-physical-1730072935","name_en":"Huíla Plateau","name_zh":"胡伊拉高地","atlas_class":"upland_plateau","min_zoom":3.14,"rank":4,"source":"Natural Earth 1:10m physical label areas v5.0.0"}},{"type":"Feature","geometry":{"type":"Point","coordinates":[-45.69458798363527,-15.150567315630909]},"properties":{"id":"ne-physical-1730072941","name_en":"Grande Sertão Veredas National Park","name_zh":"坎波斯塞尔腾高地","atlas_class":"upland_plateau","min_zoom":3.14,"rank":4,"source":"Natural Earth 1:10m physical label areas v5.0.0"}},{"type":"Feature","geometry":{"type":"Point","coordinates":[-99.4021201433064,31.409358491963786]},"properties":{"id":"ne-physical-1730072951","name_en":"Edwards Plateau","name_zh":"愛德華茲高原","atlas_class":"upland_plateau","min_zoom":3.14,"rank":4,"source":"Natural Earth 1:10m physical label areas v5.0.0"}},{"type":"Feature","geometry":{"type":"Point","coordinates":[126.70102495420625,-16.111321710162144]},"properties":{"id":"ne-physical-1730072967","name_en":"Kimberley Plateau","name_zh":"金伯利高地","atlas_class":"upland_plateau","min_zoom":3.14,"rank":4,"source":"Natural Earth 1:10m physical label areas v5.0.0"}},{"type":"Feature","geometry":{"type":"Point","coordinates":[73.71983675538849,48.46814606327534]},"properties":{"id":"ne-physical-1730072971","name_en":"Kazakh Uplands","name_zh":"哈萨克高地","atlas_class":"upland_plateau","min_zoom":3.14,"rank":4,"source":"Natural Earth 1:10m physical label areas v5.0.0"}},{"type":"Feature","geometry":{"type":"Point","coordinates":[111.81458450217664,56.870703436322245]},"properties":{"id":"ne-physical-1730072981","name_en":"Stanovoy Range","name_zh":"斯坦诺沃伊高地","atlas_class":"upland_plateau","min_zoom":3.14,"rank":4,"source":"Natural Earth 1:10m physical label areas v5.0.0"}},{"type":"Feature","geometry":{"type":"Point","coordinates":[86.07418126441776,44.90289948124412]},"properties":{"id":"ne-physical-1730072989","name_en":"Junggar Basin","name_zh":"准噶尔盆地","atlas_class":"basin_lowlands","min_zoom":3.14,"rank":4,"source":"Natural Earth 1:10m physical label areas v5.0.0"}},{"type":"Feature","geometry":{"type":"Point","coordinates":[154.50718570725851,68.9187991394472]},"properties":{"id":"ne-physical-1730073001","name_en":"Kolyma Lowland","name_zh":"科雷马低地","atlas_class":"plains_lowlands","min_zoom":2.55,"rank":4,"source":"Natural Earth 1:10m physical label areas v5.0.0"}},{"type":"Feature","geometry":{"type":"Point","coordinates":[52.24922848357923,62.27970001835345]},"properties":{"id":"ne-physical-1730073003","name_en":"Vychegda Lowland","name_zh":"维切格达低地","atlas_class":"plains_lowlands","min_zoom":3.14,"rank":4,"source":"Natural Earth 1:10m physical label areas v5.0.0"}},{"type":"Feature","geometry":{"type":"Point","coordinates":[-58.783331712120656,-30.79524914263461]},"properties":{"id":"ne-physical-1730073065","name_en":"Entre Ríos","name_zh":"恩特雷里奥斯湿地","atlas_class":"wetlands_delta","min_zoom":3.14,"rank":4,"source":"Natural Earth 1:10m physical label areas v5.0.0"}},{"type":"Feature","geometry":{"type":"Point","coordinates":[-88.87104478967649,16.6804263367128]},"properties":{"id":"ne-physical-1159102981","name_en":"Maya Mountains","name_zh":"馬雅山脈","atlas_class":"mountain_high_relief","min_zoom":3.25,"rank":5,"source":"Natural Earth 1:10m physical label areas v5.0.0"}},{"type":"Feature","geometry":{"type":"Point","coordinates":[-105.59043180697441,39.670141912884745]},"properties":{"id":"ne-physical-1159102983","name_en":"Front Range","name_zh":"弗兰特岭","atlas_class":"mountain_high_relief","min_zoom":3.25,"rank":5,"source":"Natural Earth 1:10m physical label areas v5.0.0"}},{"type":"Feature","geometry":{"type":"Point","coordinates":[-114.41908417437953,46.09165070194719]},"properties":{"id":"ne-physical-1159102985","name_en":"Bitterroot Range","name_zh":"比特鲁特岭","atlas_class":"mountain_high_relief","min_zoom":3.25,"rank":5,"source":"Natural Earth 1:10m physical label areas v5.0.0"}},{"type":"Feature","geometry":{"type":"Point","coordinates":[7.932368277776868,60.03723786015033]},"properties":{"id":"ne-physical-1159102987","name_en":"Hardangervidda","name_zh":"哈丹格高原","atlas_class":"mountain_high_relief","min_zoom":3.25,"rank":5,"source":"Natural Earth 1:10m physical label areas v5.0.0"}},{"type":"Feature","geometry":{"type":"Point","coordinates":[19.0770933932072,-27.03038909297471]},"properties":{"id":"ne-physical-1159102995","name_en":"Karas Mountains","name_zh":"大卡拉斯山脉","atlas_class":"mountain_high_relief","min_zoom":3.25,"rank":5,"source":"Natural Earth 1:10m physical label areas v5.0.0"}},{"type":"Feature","geometry":{"type":"Point","coordinates":[24.939068234968534,14.213659979290988]},"properties":{"id":"ne-physical-1159102999","name_en":"Marrah Mountains","name_zh":"馬拉山脈","atlas_class":"mountain_high_relief","min_zoom":4.0,"rank":5,"source":"Natural Earth 1:10m physical label areas v5.0.0"}},{"type":"Feature","geometry":{"type":"Point","coordinates":[-4.228556851515739,35.006241000387746]},"properties":{"id":"ne-physical-1159103005","name_en":"Rif","name_zh":"里夫山脈","atlas_class":"mountain_high_relief","min_zoom":4.0,"rank":5,"source":"Natural Earth 1:10m physical label areas v5.0.0"}},{"type":"Feature","geometry":{"type":"Point","coordinates":[32.919495988461115,-18.737908624224666]},"properties":{"id":"ne-physical-1159103011","name_en":"Mount Nyangani","name_zh":"伊尼揚加尼山","atlas_class":"mountain_high_relief","min_zoom":3.25,"rank":5,"source":"Natural Earth 1:10m physical label areas v5.0.0"}},{"type":"Feature","geometry":{"type":"Point","coordinates":[148.30575142913688,-36.5507138000059]},"properties":{"id":"ne-physical-1159103013","name_en":"Australian Alps","name_zh":"澳大利亞阿爾卑斯山脈","atlas_class":"mountain_high_relief","min_zoom":3.25,"rank":5,"source":"Natural Earth 1:10m physical label areas v5.0.0"}},{"type":"Feature","geometry":{"type":"Point","coordinates":[138.69205599772818,-31.76213958125591]},"properties":{"id":"ne-physical-1159103015","name_en":"Flinders Ranges","name_zh":"弗林德斯山脈","atlas_class":"mountain_high_relief","min_zoom":3.25,"rank":5,"source":"Natural Earth 1:10m physical label areas v5.0.0"}},{"type":"Feature","geometry":{"type":"Point","coordinates":[150.22346389805438,-33.34203460078715]},"properties":{"id":"ne-physical-1159103017","name_en":"Blue Mountains","name_zh":"藍山","atlas_class":"mountain_high_relief","min_zoom":3.25,"rank":5,"source":"Natural Earth 1:10m physical label areas v5.0.0"}},{"type":"Feature","geometry":{"type":"Point","coordinates":[142.82027200214927,-18.76928069453716]},"properties":{"id":"ne-physical-1159103019","name_en":"Gregory Range","name_zh":"格雷戈里山脉","atlas_class":"mountain_high_relief","min_zoom":4.0,"rank":5,"source":"Natural Earth 1:10m physical label areas v5.0.0"}},{"type":"Feature","geometry":{"type":"Point","coordinates":[132.9125024184217,-23.384759210162187]},"properties":{"id":"ne-physical-1159103023","name_en":"MacDonnell Ranges","name_zh":"麦克唐奈尔山脉","atlas_class":"mountain_high_relief","min_zoom":3.25,"rank":5,"source":"Natural Earth 1:10m physical label areas v5.0.0"}},{"type":"Feature","geometry":{"type":"Point","coordinates":[116.29334351811463,-31.62786223750596]},"properties":{"id":"ne-physical-1159103027","name_en":"Darling Range","name_zh":"达令山脉","atlas_class":"mountain_high_relief","min_zoom":3.25,"rank":5,"source":"Natural Earth 1:10m physical label areas v5.0.0"}},{"type":"Feature","geometry":{"type":"Point","coordinates":[101.99208400512023,-2.6657040343808944]},"properties":{"id":"ne-physical-1159103035","name_en":"Barisan Mountains","name_zh":"巴里桑山脈","atlas_class":"mountain_high_relief","min_zoom":3.25,"rank":5,"source":"Natural Earth 1:10m physical label areas v5.0.0"}},{"type":"Feature","geometry":{"type":"Point","coordinates":[108.96954611717786,48.80963776249408]},"properties":{"id":"ne-physical-1159103037","name_en":"Khentii Mountains","name_zh":"肯特山","atlas_class":"mountain_high_relief","min_zoom":3.25,"rank":5,"source":"Natural Earth 1:10m physical label areas v5.0.0"}},{"type":"Feature","geometry":{"type":"Point","coordinates":[134.08336589376577,51.209997869915966]},"properties":{"id":"ne-physical-1159103039","name_en":"Bureinsky Ridge","name_zh":"布雷因斯山脉","atlas_class":"mountain_high_relief","min_zoom":3.25,"rank":5,"source":"Natural Earth 1:10m physical label areas v5.0.0"}},{"type":"Feature","geometry":{"type":"Point","coordinates":[134.76988100601113,53.32498810429095]},"properties":{"id":"ne-physical-1159103041","name_en":"Yam-Alin","name_zh":"扬阿林山脉","atlas_class":"mountain_high_relief","min_zoom":3.25,"rank":5,"source":"Natural Earth 1:10m physical label areas v5.0.0"}},{"type":"Feature","geometry":{"type":"Point","coordinates":[142.01993268211402,62.06632111210345]},"properties":{"id":"ne-physical-1159103047","name_en":"Suntar-Khayata Range","name_zh":"孫塔爾哈亞塔山脈","atlas_class":"mountain_high_relief","min_zoom":3.25,"rank":5,"source":"Natural Earth 1:10m physical label areas v5.0.0"}},{"type":"Feature","geometry":{"type":"Point","coordinates":[146.5720555997945,66.09427521366597]},"properties":{"id":"ne-physical-1159103051","name_en":"Momskiy Khrebet","name_zh":"莫馬山脈","atlas_class":"mountain_high_relief","min_zoom":3.25,"rank":5,"source":"Natural Earth 1:10m physical label areas v5.0.0"}},{"type":"Feature","geometry":{"type":"Point","coordinates":[67.01615438477461,29.477259028348314]},"properties":{"id":"ne-physical-1159103053","name_en":"Central Brahui Range","name_zh":"中布拉灰山脉","atlas_class":"mountain_high_relief","min_zoom":3.25,"rank":5,"source":"Natural Earth 1:10m physical label areas v5.0.0"}},{"type":"Feature","geometry":{"type":"Point","coordinates":[68.60853408038926,43.821816623340965]},"properties":{"id":"ne-physical-1159103055","name_en":"Karatau Mountains","name_zh":"卡拉套山","atlas_class":"mountain_high_relief","min_zoom":3.25,"rank":5,"source":"Natural Earth 1:10m physical label areas v5.0.0"}},{"type":"Feature","geometry":{"type":"Point","coordinates":[69.89648016235238,31.526983953900313]},"properties":{"id":"ne-physical-1159103059","name_en":"Sulaiman Mountains","name_zh":"蘇萊曼山脈","atlas_class":"mountain_high_relief","min_zoom":3.25,"rank":5,"source":"Natural Earth 1:10m physical label areas v5.0.0"}},{"type":"Feature","geometry":{"type":"Point","coordinates":[64.24956986047661,27.193732000775356]},"properties":{"id":"ne-physical-1159103063","name_en":"Central Makran Range","name_zh":"中莫克兰山脉","atlas_class":"mountain_high_relief","min_zoom":3.25,"rank":5,"source":"Natural Earth 1:10m physical label areas v5.0.0"}},{"type":"Feature","geometry":{"type":"Point","coordinates":[66.92246859825553,26.85370514530662]},"properties":{"id":"ne-physical-1159103065","name_en":"Kirthar Mountains","name_zh":"基爾塔爾山脈","atlas_class":"mountain_high_relief","min_zoom":3.25,"rank":5,"source":"Natural Earth 1:10m physical label areas v5.0.0"}},{"type":"Feature","geometry":{"type":"Point","coordinates":[57.98727147907374,37.79395172733784]},"properties":{"id":"ne-physical-1159103069","name_en":"Kopet Dag","name_zh":"克佩特山脈","atlas_class":"mountain_high_relief","min_zoom":3.25,"rank":5,"source":"Natural Earth 1:10m physical label areas v5.0.0"}},{"type":"Feature","geometry":{"type":"Point","coordinates":[33.072534627336765,36.9571292175722]},"properties":{"id":"ne-physical-1159103077","name_en":"Taurus mountains","name_zh":"托魯斯山脈","atlas_class":"mountain_high_relief","min_zoom":4.0,"rank":5,"source":"Natural Earth 1:10m physical label areas v5.0.0"}},{"type":"Feature","geometry":{"type":"Point","coordinates":[13.360799537424533,49.03809235233784]},"properties":{"id":"ne-physical-1159103081","name_en":"Böhmerwald","name_zh":"波西米亚林山","atlas_class":"mountain_high_relief","min_zoom":3.25,"rank":5,"source":"Natural Earth 1:10m physical label areas v5.0.0"}},{"type":"Feature","geometry":{"type":"Point","coordinates":[20.35455671310127,49.440802313275356]},"properties":{"id":"ne-physical-1159103085","name_en":"Tatra Mountains","name_zh":"塔特拉山脉","atlas_class":"mountain_high_relief","min_zoom":2.55,"rank":5,"source":"Natural Earth 1:10m physical label areas v5.0.0"}},{"type":"Feature","geometry":{"type":"Point","coordinates":[20.71252437088846,39.93366119999409]},"properties":{"id":"ne-physical-1159103087","name_en":"Pindus","name_zh":"品都斯山脉","atlas_class":"mountain_high_relief","min_zoom":4.0,"rank":5,"source":"Natural Earth 1:10m physical label areas v5.0.0"}},{"type":"Feature","geometry":{"type":"Point","coordinates":[16.61694012299714,39.08020019531256]},"properties":{"id":"ne-physical-1159103089","name_en":"Calabria","name_zh":"卡拉布利亚山脉","atlas_class":"mountain_high_relief","min_zoom":4.0,"rank":5,"source":"Natural Earth 1:10m physical label areas v5.0.0"}},{"type":"Feature","geometry":{"type":"Point","coordinates":[10.530356116690154,51.78082916874409]},"properties":{"id":"ne-physical-1159103091","name_en":"Harz","name_zh":"哈爾茨山脈","atlas_class":"mountain_high_relief","min_zoom":3.25,"rank":5,"source":"Natural Earth 1:10m physical label areas v5.0.0"}},{"type":"Feature","geometry":{"type":"Point","coordinates":[7.169173828279243,48.80042145390037]},"properties":{"id":"ne-physical-1159103093","name_en":"Vosges Mountains","name_zh":"佛日山脈","atlas_class":"mountain_high_relief","min_zoom":3.25,"rank":5,"source":"Natural Earth 1:10m physical label areas v5.0.0"}},{"type":"Feature","geometry":{"type":"Point","coordinates":[16.400316360709557,50.64197418827533]},"properties":{"id":"ne-physical-1159103095","name_en":"Sudetes","name_zh":"蘇台德山脈","atlas_class":"mountain_high_relief","min_zoom":3.25,"rank":5,"source":"Natural Earth 1:10m physical label areas v5.0.0"}},{"type":"Feature","geometry":{"type":"Point","coordinates":[12.591730844150764,50.40003082890034]},"properties":{"id":"ne-physical-1159103099","name_en":"Ore Mountains","name_zh":"厄尔士山脉","atlas_class":"mountain_high_relief","min_zoom":3.25,"rank":5,"source":"Natural Earth 1:10m physical label areas v5.0.0"}},{"type":"Feature","geometry":{"type":"Point","coordinates":[5.146591320150435,50.00156281132223]},"properties":{"id":"ne-physical-1159103101","name_en":"Ardennes","name_zh":"阿登","atlas_class":"mountain_high_relief","min_zoom":3.25,"rank":5,"source":"Natural Earth 1:10m physical label areas v5.0.0"}},{"type":"Feature","geometry":{"type":"Point","coordinates":[6.278647073451406,46.85712311405658]},"properties":{"id":"ne-physical-1159103103","name_en":"Jura Mountains","name_zh":"侏罗山","atlas_class":"mountain_high_relief","min_zoom":3.25,"rank":5,"source":"Natural Earth 1:10m physical label areas v5.0.0"}},{"type":"Feature","geometry":{"type":"Point","coordinates":[-4.3175311628780335,56.52927277225973]},"properties":{"id":"ne-physical-1159103105","name_en":"Cruach nam Miseag","name_zh":"格兰皮安山脉","atlas_class":"mountain_high_relief","min_zoom":3.25,"rank":5,"source":"Natural Earth 1:10m physical label areas v5.0.0"}},{"type":"Feature","geometry":{"type":"Point","coordinates":[-3.559988472097478,52.38733551640037]},"properties":{"id":"ne-physical-1159103107","name_en":"Cambrian Mountains","name_zh":"坎布里安山脈","atlas_class":"mountain_high_relief","min_zoom":3.25,"rank":5,"source":"Natural Earth 1:10m physical label areas v5.0.0"}},{"type":"Feature","geometry":{"type":"Point","coordinates":[-16.807486114305156,64.44495270390036]},"properties":{"id":"ne-physical-1159103109","name_en":"Vatnajökull","name_zh":"瓦特納冰原","atlas_class":"mountain_high_relief","min_zoom":3.25,"rank":5,"source":"Natural Earth 1:10m physical label areas v5.0.0"}},{"type":"Feature","geometry":{"type":"Point","coordinates":[-115.12577945329296,59.56778595585344]},"properties":{"id":"ne-physical-1159103113","name_en":"Caribou Mountains","name_zh":"卡里布山脉","atlas_class":"mountain_high_relief","min_zoom":3.25,"rank":5,"source":"Natural Earth 1:10m physical label areas v5.0.0"}},{"type":"Feature","geometry":{"type":"Point","coordinates":[-129.82507074957073,59.354346014447245]},"properties":{"id":"ne-physical-1159103117","name_en":"Cassiar Mountains","name_zh":"卡西尔山脉","atlas_class":"mountain_high_relief","min_zoom":3.25,"rank":5,"source":"Natural Earth 1:10m physical label areas v5.0.0"}},{"type":"Feature","geometry":{"type":"Point","coordinates":[-137.73890655865884,64.36618683475969]},"properties":{"id":"ne-physical-1159103119","name_en":"Ogilvie Mountains","name_zh":"奥吉尔维山脉","atlas_class":"mountain_high_relief","min_zoom":3.25,"rank":5,"source":"Natural Earth 1:10m physical label areas v5.0.0"}},{"type":"Feature","geometry":{"type":"Point","coordinates":[-143.6035501369098,62.29071686405656]},"properties":{"id":"ne-physical-1159103121","name_en":"Wrangell Mountains","name_zh":"蘭格爾山脈","atlas_class":"mountain_high_relief","min_zoom":3.25,"rank":5,"source":"Natural Earth 1:10m physical label areas v5.0.0"}},{"type":"Feature","geometry":{"type":"Point","coordinates":[-80.93849613661038,36.848852850384716]},"properties":{"id":"ne-physical-1159103123","name_en":"Blue Ridge Mountains","name_zh":"藍嶺山脈","atlas_class":"mountain_high_relief","min_zoom":3.25,"rank":5,"source":"Natural Earth 1:10m physical label areas v5.0.0"}},{"type":"Feature","geometry":{"type":"Point","coordinates":[-123.25556548661874,41.54172063830696]},"properties":{"id":"ne-physical-1159103125","name_en":"Klamath Mountains","name_zh":"克拉馬斯山","atlas_class":"mountain_high_relief","min_zoom":3.25,"rank":5,"source":"Natural Earth 1:10m physical label areas v5.0.0"}},{"type":"Feature","geometry":{"type":"Point","coordinates":[-94.14423765547707,34.43219635624409]},"properties":{"id":"ne-physical-1159103127","name_en":"Ouachita Mountains","name_zh":"沃希托山岭","atlas_class":"mountain_high_relief","min_zoom":3.25,"rank":5,"source":"Natural Earth 1:10m physical label areas v5.0.0"}},{"type":"Feature","geometry":{"type":"Point","coordinates":[-115.16401982997345,44.86883329896885]},"properties":{"id":"ne-physical-1159103129","name_en":"Salmon River Mountains","name_zh":"萨蒙河山脉","atlas_class":"mountain_high_relief","min_zoom":3.25,"rank":5,"source":"Natural Earth 1:10m physical label areas v5.0.0"}},{"type":"Feature","geometry":{"type":"Point","coordinates":[-103.92854145523525,44.221960760540966]},"properties":{"id":"ne-physical-1159103131","name_en":"Black Hills","name_zh":"黑山","atlas_class":"mountain_high_relief","min_zoom":3.25,"rank":5,"source":"Natural Earth 1:10m physical label areas v5.0.0"}},{"type":"Feature","geometry":{"type":"Point","coordinates":[-110.59740944559803,34.23172638554095]},"properties":{"id":"ne-physical-1159103135","name_en":"Mogollon Rim","name_zh":"莫戈隆边缘","atlas_class":"mountain_high_relief","min_zoom":3.25,"rank":5,"source":"Natural Earth 1:10m physical label areas v5.0.0"}},{"type":"Feature","geometry":{"type":"Point","coordinates":[-70.18927356613892,9.314040521767765]},"properties":{"id":"ne-physical-1159103137","name_en":"Cordillera de Mérida","name_zh":"梅里達山脈","atlas_class":"mountain_high_relief","min_zoom":3.25,"rank":5,"source":"Natural Earth 1:10m physical label areas v5.0.0"}},{"type":"Feature","geometry":{"type":"Point","coordinates":[-54.68371993313538,-33.5011532531309]},"properties":{"id":"ne-physical-1159103139","name_en":"Cuchilla Grande","name_zh":"库奇亚格兰德山脉","atlas_class":"mountain_high_relief","min_zoom":3.25,"rank":5,"source":"Natural Earth 1:10m physical label areas v5.0.0"}},{"type":"Feature","geometry":{"type":"Point","coordinates":[-56.201053937679816,3.417273260540952]},"properties":{"id":"ne-physical-1159103143","name_en":"Wilhelmina Mountains","name_zh":"威廉敏娜山脉","atlas_class":"mountain_high_relief","min_zoom":3.25,"rank":5,"source":"Natural Earth 1:10m physical label areas v5.0.0"}},{"type":"Feature","geometry":{"type":"Point","coordinates":[-58.805703214377345,1.4564273132753343]},"properties":{"id":"ne-physical-1159103149","name_en":"Acarai Mountains","name_zh":"阿卡里山","atlas_class":"mountain_high_relief","min_zoom":3.25,"rank":5,"source":"Natural Earth 1:10m physical label areas v5.0.0"}},{"type":"Feature","geometry":{"type":"Point","coordinates":[-56.147629813962695,-8.306695245318394]},"properties":{"id":"ne-physical-1159103155","name_en":"Serra do Cachimbo","name_zh":"卡欣布山","atlas_class":"mountain_high_relief","min_zoom":4.0,"rank":5,"source":"Natural Earth 1:10m physical label areas v5.0.0"}},{"type":"Feature","geometry":{"type":"Point","coordinates":[-48.610560121301205,-16.402886651568416]},"properties":{"id":"ne-physical-1159103161","name_en":"Serra do Espinho","name_zh":"埃斯皮尼亚索山脉","atlas_class":"mountain_high_relief","min_zoom":4.0,"rank":5,"source":"Natural Earth 1:10m physical label areas v5.0.0"}},{"type":"Feature","geometry":{"type":"Point","coordinates":[-12.502741699732237,11.040961004681598]},"properties":{"id":"ne-physical-1159103211","name_en":"Fouta Djallon","name_zh":"富塔賈隆","atlas_class":"upland_plateau","min_zoom":3.25,"rank":5,"source":"Natural Earth 1:10m physical label areas v5.0.0"}},{"type":"Feature","geometry":{"type":"Point","coordinates":[26.417854048569886,24.190771795697202]},"properties":{"id":"ne-physical-1159103215","name_en":"Gilf Kebir","name_zh":"吉尔夫·基比尔高原","atlas_class":"upland_plateau","min_zoom":4.0,"rank":5,"source":"Natural Earth 1:10m physical label areas v5.0.0"}},{"type":"Feature","geometry":{"type":"Point","coordinates":[24.772887761823682,30.914496160931606]},"properties":{"id":"ne-physical-1159103219","name_en":"Libyan Plateau","name_zh":"利比亚高地","atlas_class":"upland_plateau","min_zoom":4.0,"rank":5,"source":"Natural Earth 1:10m physical label areas v5.0.0"}},{"type":"Feature","geometry":{"type":"Point","coordinates":[147.58550818749185,-24.52739837031843]},"properties":{"id":"ne-physical-1159103221","name_en":"Buckland Tableland","name_zh":"巴克兰高地","atlas_class":"upland_plateau","min_zoom":3.25,"rank":5,"source":"Natural Earth 1:10m physical label areas v5.0.0"}},{"type":"Feature","geometry":{"type":"Point","coordinates":[145.22663017539557,-17.508154296874977]},"properties":{"id":"ne-physical-1159103225","name_en":"Atherton Tableland","name_zh":"","atlas_class":"upland_plateau","min_zoom":3.25,"rank":5,"source":"Natural Earth 1:10m physical label areas v5.0.0"}},{"type":"Feature","geometry":{"type":"Point","coordinates":[83.22832572850355,23.00165153831118]},"properties":{"id":"ne-physical-1159103231","name_en":"Chota Nagpur Plateau","name_zh":"焦达讷格布尔高原","atlas_class":"upland_plateau","min_zoom":3.25,"rank":5,"source":"Natural Earth 1:10m physical label areas v5.0.0"}},{"type":"Feature","geometry":{"type":"Point","coordinates":[45.5390624654071,51.895727850384716]},"properties":{"id":"ne-physical-1159103235","name_en":"Volga Upland","name_zh":"伏爾加高地","atlas_class":"upland_plateau","min_zoom":3.25,"rank":5,"source":"Natural Earth 1:10m physical label areas v5.0.0"}},{"type":"Feature","geometry":{"type":"Point","coordinates":[31.196104289065584,48.74796173710344]},"properties":{"id":"ne-physical-1159103237","name_en":"Dnieper Upland","name_zh":"第聶伯高地","atlas_class":"upland_plateau","min_zoom":3.25,"rank":5,"source":"Natural Earth 1:10m physical label areas v5.0.0"}},{"type":"Feature","geometry":{"type":"Point","coordinates":[3.1870153208512955,44.85364411015037]},"properties":{"id":"ne-physical-1159103243","name_en":"Massif Central","name_zh":"法國中央高原","atlas_class":"upland_plateau","min_zoom":3.25,"rank":5,"source":"Natural Earth 1:10m physical label areas v5.0.0"}},{"type":"Feature","geometry":{"type":"Point","coordinates":[25.07600844111208,69.07169220585345]},"properties":{"id":"ne-physical-1159103245","name_en":"Finnmarksvidda","name_zh":"芬馬克高原","atlas_class":"upland_plateau","min_zoom":3.25,"rank":5,"source":"Natural Earth 1:10m physical label areas v5.0.0"}},{"type":"Feature","geometry":{"type":"Point","coordinates":[-40.32214982309323,-7.24834563594343]},"properties":{"id":"ne-physical-1159103247","name_en":"Chapada do Araripe","name_zh":"阿拉里皮高地","atlas_class":"upland_plateau","min_zoom":4.0,"rank":5,"source":"Natural Earth 1:10m physical label areas v5.0.0"}},{"type":"Feature","geometry":{"type":"Point","coordinates":[-37.20529276932358,-7.658440850787194]},"properties":{"id":"ne-physical-1159103249","name_en":"Borborema Plateau","name_zh":"博爾博雷馬高原","atlas_class":"upland_plateau","min_zoom":4.0,"rank":5,"source":"Natural Earth 1:10m physical label areas v5.0.0"}},{"type":"Feature","geometry":{"type":"Point","coordinates":[21.63056629684819,-30.1348202453184]},"properties":{"id":"ne-physical-1159103251","name_en":"Karoo","name_zh":"卡魯","atlas_class":"upland_plateau","min_zoom":3.25,"rank":5,"source":"Natural Earth 1:10m physical label areas v5.0.0"}},{"type":"Feature","geometry":{"type":"Point","coordinates":[-67.39304053456469,-20.754754327349637]},"properties":{"id":"ne-physical-1159103253","name_en":"Salar de Uyuni","name_zh":"烏尤尼鹽沼","atlas_class":"desert_bare","min_zoom":3.25,"rank":5,"source":"Natural Earth 1:10m physical label areas v5.0.0"}},{"type":"Feature","geometry":{"type":"Point","coordinates":[41.782463254891596,12.744589389059549]},"properties":{"id":"ne-physical-1159103257","name_en":"Danakil Desert","name_zh":"达纳基尔沙漠","atlas_class":"desert_bare","min_zoom":3.25,"rank":5,"source":"Natural Earth 1:10m physical label areas v5.0.0"}},{"type":"Feature","geometry":{"type":"Point","coordinates":[34.89145077709783,30.416937567181577]},"properties":{"id":"ne-physical-1159103261","name_en":"Negev","name_zh":"內蓋夫","atlas_class":"desert_bare","min_zoom":4.0,"rank":5,"source":"Natural Earth 1:10m physical label areas v5.0.0"}},{"type":"Feature","geometry":{"type":"Point","coordinates":[37.55537325677514,2.7121801560460383]},"properties":{"id":"ne-physical-1159103263","name_en":"Chalbi Desert","name_zh":"查尔比沙漠","atlas_class":"desert_bare","min_zoom":3.25,"rank":5,"source":"Natural Earth 1:10m physical label areas v5.0.0"}},{"type":"Feature","geometry":{"type":"Point","coordinates":[33.049446750052674,26.372873080465794]},"properties":{"id":"ne-physical-1159103265","name_en":"Eastern Desert","name_zh":"東部沙漠","atlas_class":"desert_bare","min_zoom":4.0,"rank":5,"source":"Natural Earth 1:10m physical label areas v5.0.0"}},{"type":"Feature","geometry":{"type":"Point","coordinates":[11.528395359055402,29.73596832890034]},"properties":{"id":"ne-physical-1159103271","name_en":"Hamada de Tinrhert","name_zh":"蒂恩赫特沙漠","atlas_class":"desert_bare","min_zoom":4.0,"rank":5,"source":"Natural Earth 1:10m physical label areas v5.0.0"}},{"type":"Feature","geometry":{"type":"Point","coordinates":[141.61895075638506,-29.779046319537187]},"properties":{"id":"ne-physical-1159103275","name_en":"Strzelecki Desert","name_zh":"斯切莱茨基沙漠","atlas_class":"desert_bare","min_zoom":4.0,"rank":5,"source":"Natural Earth 1:10m physical label areas v5.0.0"}},{"type":"Feature","geometry":{"type":"Point","coordinates":[137.32411098139937,-25.518365167193444]},"properties":{"id":"ne-physical-1159103279","name_en":"Simpson Desert","name_zh":"辛普森沙漠","atlas_class":"desert_bare","min_zoom":3.25,"rank":5,"source":"Natural Earth 1:10m physical label areas v5.0.0"}},{"type":"Feature","geometry":{"type":"Point","coordinates":[131.6550894401565,-19.713250421099637]},"properties":{"id":"ne-physical-1159103281","name_en":"Tanami Desert","name_zh":"塔纳米沙漠","atlas_class":"desert_bare","min_zoom":4.0,"rank":5,"source":"Natural Earth 1:10m physical label areas v5.0.0"}},{"type":"Feature","geometry":{"type":"Point","coordinates":[65.12455400486897,30.921271063275327]},"properties":{"id":"ne-physical-1159103283","name_en":"Registan Desert","name_zh":"雷吉斯坦沙漠","atlas_class":"desert_bare","min_zoom":3.25,"rank":5,"source":"Natural Earth 1:10m physical label areas v5.0.0"}},{"type":"Feature","geometry":{"type":"Point","coordinates":[62.86840927515343,31.275519110150327]},"properties":{"id":"ne-physical-1159103285","name_en":"Dasht-e Margo","name_zh":"玛戈沙漠","atlas_class":"desert_bare","min_zoom":3.25,"rank":5,"source":"Natural Earth 1:10m physical label areas v5.0.0"}},{"type":"Feature","geometry":{"type":"Point","coordinates":[55.0184834696684,34.52567169804094]},"properties":{"id":"ne-physical-1159103287","name_en":"Dasht-e Kavir","name_zh":"卡维尔盐漠","atlas_class":"desert_bare","min_zoom":3.25,"rank":5,"source":"Natural Earth 1:10m physical label areas v5.0.0"}},{"type":"Feature","geometry":{"type":"Point","coordinates":[42.6428299120479,28.75958893436909]},"properties":{"id":"ne-physical-1159103289","name_en":"An Nafud","name_zh":"內夫得沙漠","atlas_class":"desert_bare","min_zoom":3.25,"rank":5,"source":"Natural Earth 1:10m physical label areas v5.0.0"}},{"type":"Feature","geometry":{"type":"Point","coordinates":[34.20939866786978,-2.5894711242246515]},"properties":{"id":"ne-physical-1159103293","name_en":"Serengeti","name_zh":"塞倫蓋提","atlas_class":"plains_lowlands","min_zoom":3.25,"rank":5,"source":"Natural Earth 1:10m physical label areas v5.0.0"}},{"type":"Feature","geometry":{"type":"Point","coordinates":[19.91950791845234,46.72620270390034]},"properties":{"id":"ne-physical-1159103307","name_en":"Great Hungarian Plain","name_zh":"匈牙利大平原","atlas_class":"plains_lowlands","min_zoom":3.25,"rank":5,"source":"Natural Earth 1:10m physical label areas v5.0.0"}},{"type":"Feature","geometry":{"type":"Point","coordinates":[-102.84213331434238,33.56247589725973]},"properties":{"id":"ne-physical-1159103311","name_en":"Llano Estacado","name_zh":"埃斯塔卡多平原","atlas_class":"plains_lowlands","min_zoom":3.25,"rank":5,"source":"Natural Earth 1:10m physical label areas v5.0.0"}},{"type":"Feature","geometry":{"type":"Point","coordinates":[16.581426179805128,16.50461456913473]},"properties":{"id":"ne-physical-1159103335","name_en":"Bodélé Depression","name_zh":"博德萊窪地","atlas_class":"basin_lowlands","min_zoom":4.0,"rank":5,"source":"Natural Earth 1:10m physical label areas v5.0.0"}},{"type":"Feature","geometry":{"type":"Point","coordinates":[-93.79052649280618,-73.62505652766706]},"properties":{"id":"ne-physical-1159104475","name_en":"Jones Mountains","name_zh":"瓊斯山","atlas_class":"mountain_high_relief","min_zoom":4.0,"rank":5,"source":"Natural Earth 1:10m physical label areas v5.0.0"}},{"type":"Feature","geometry":{"type":"Point","coordinates":[-126.22821820945427,-77.17864539485453]},"properties":{"id":"ne-physical-1159104503","name_en":"Executive Committee Range","name_zh":"執委山脈","atlas_class":"mountain_high_relief","min_zoom":4.0,"rank":5,"source":"Natural Earth 1:10m physical label areas v5.0.0"}},{"type":"Feature","geometry":{"type":"Point","coordinates":[175.63637566862766,-39.371125374626644]},"properties":{"id":"ne-physical-1159104635","name_en":"North Island Volcanic Plateau","name_zh":"北爱尔兰火山高地","atlas_class":"upland_plateau","min_zoom":3.25,"rank":5,"source":"Natural Earth 1:10m physical label areas v5.0.0"}},{"type":"Feature","geometry":{"type":"Point","coordinates":[22.510374632206787,8.935296754005329]},"properties":{"id":"ne-physical-1730071499","name_en":"Chaine des Mongos","name_zh":"蒙戈斯山脉","atlas_class":"mountain_high_relief","min_zoom":3.25,"rank":5,"source":"Natural Earth 1:10m physical label areas v5.0.0"}},{"type":"Feature","geometry":{"type":"Point","coordinates":[47.196135579494594,10.766455389447188]},"properties":{"id":"ne-physical-1730071505","name_en":"Ogo Mountains","name_zh":"奥戈山脉","atlas_class":"mountain_high_relief","min_zoom":3.25,"rank":5,"source":"Natural Earth 1:10m physical label areas v5.0.0"}},{"type":"Feature","geometry":{"type":"Point","coordinates":[-8.848740657890774,8.498755194134723]},"properties":{"id":"ne-physical-1730071513","name_en":"Guinea Highlands","name_zh":"畿內亞高地","atlas_class":"mountain_high_relief","min_zoom":3.25,"rank":5,"source":"Natural Earth 1:10m physical label areas v5.0.0"}},{"type":"Feature","geometry":{"type":"Point","coordinates":[41.49377614280266,9.076915025201032]},"properties":{"id":"ne-physical-1730071517","name_en":"Ahmar Mountains","name_zh":"阿马尔山脉","atlas_class":"mountain_high_relief","min_zoom":3.25,"rank":5,"source":"Natural Earth 1:10m physical label areas v5.0.0"}},{"type":"Feature","geometry":{"type":"Point","coordinates":[20.61066773568755,32.170127871176575]},"properties":{"id":"ne-physical-1730071523","name_en":"Al Jabal Al Akhdar","name_zh":"贾巴阿赫达尔山脉","atlas_class":"mountain_high_relief","min_zoom":4.0,"rank":5,"source":"Natural Earth 1:10m physical label areas v5.0.0"}},{"type":"Feature","geometry":{"type":"Point","coordinates":[0.022121145771353268,35.32631546327829]},"properties":{"id":"ne-physical-1730071533","name_en":"Tell Atlas","name_zh":"泰勒阿特拉斯山脈","atlas_class":"mountain_high_relief","min_zoom":4.0,"rank":5,"source":"Natural Earth 1:10m physical label areas v5.0.0"}},{"type":"Feature","geometry":{"type":"Point","coordinates":[140.32923184494,-20.85631682734968]},"properties":{"id":"ne-physical-1730071561","name_en":"Selwyn Mountains","name_zh":"塞尔温山脉","atlas_class":"mountain_high_relief","min_zoom":4.0,"rank":5,"source":"Natural Earth 1:10m physical label areas v5.0.0"}},{"type":"Feature","geometry":{"type":"Point","coordinates":[117.69525204301912,-22.274163507037194]},"properties":{"id":"ne-physical-1730071573","name_en":"Hamersley Range","name_zh":"哈麦斯利山脉","atlas_class":"mountain_high_relief","min_zoom":3.25,"rank":5,"source":"Natural Earth 1:10m physical label areas v5.0.0"}},{"type":"Feature","geometry":{"type":"Point","coordinates":[147.72023013632645,-8.925007037136545]},"properties":{"id":"ne-physical-1730071579","name_en":"Owen Stanley Range","name_zh":"欧文斯坦利山脉","atlas_class":"mountain_high_relief","min_zoom":3.25,"rank":5,"source":"Natural Earth 1:10m physical label areas v5.0.0"}},{"type":"Feature","geometry":{"type":"Point","coordinates":[137.84323189183334,-3.8458798156308873]},"properties":{"id":"ne-physical-1730071583","name_en":"Maoke Mountains","name_zh":"毛克山脉","atlas_class":"mountain_high_relief","min_zoom":3.25,"rank":5,"source":"Natural Earth 1:10m physical label areas v5.0.0"}},{"type":"Feature","geometry":{"type":"Point","coordinates":[176.63929591169807,68.33478424686908]},"properties":{"id":"ne-physical-1730071603","name_en":"Chukotka Mountains","name_zh":"楚科奇山脉","atlas_class":"mountain_high_relief","min_zoom":3.25,"rank":5,"source":"Natural Earth 1:10m physical label areas v5.0.0"}},{"type":"Feature","geometry":{"type":"Point","coordinates":[137.71266513095037,57.154211737103466]},"properties":{"id":"ne-physical-1730071613","name_en":"Dzhugdzhur Mountains","name_zh":"朱格朱尔山脉","atlas_class":"mountain_high_relief","min_zoom":3.25,"rank":5,"source":"Natural Earth 1:10m physical label areas v5.0.0"}},{"type":"Feature","geometry":{"type":"Point","coordinates":[73.27227651552528,25.8330142273378]},"properties":{"id":"ne-physical-1730071631","name_en":"Aravalli Range","name_zh":"阿瓦利拉山脉","atlas_class":"mountain_high_relief","min_zoom":3.25,"rank":5,"source":"Natural Earth 1:10m physical label areas v5.0.0"}},{"type":"Feature","geometry":{"type":"Point","coordinates":[35.837851067076436,33.885596014447216]},"properties":{"id":"ne-physical-1730071649","name_en":"Mount Lebanon Range","name_zh":"黎巴嫩山脉","atlas_class":"mountain_high_relief","min_zoom":4.0,"rank":5,"source":"Natural Earth 1:10m physical label areas v5.0.0"}},{"type":"Feature","geometry":{"type":"Point","coordinates":[64.11378119647651,34.832739569134716]},"properties":{"id":"ne-physical-1730071657","name_en":"Paropamisus Mountains","name_zh":"帕罗帕米修斯山脉","atlas_class":"mountain_high_relief","min_zoom":3.25,"rank":5,"source":"Natural Earth 1:10m physical label areas v5.0.0"}},{"type":"Feature","geometry":{"type":"Point","coordinates":[56.40248567753971,24.231625521872047]},"properties":{"id":"ne-physical-1730071661","name_en":"Al Hajar Mountains","name_zh":"哈贾尔山脉","atlas_class":"mountain_high_relief","min_zoom":3.25,"rank":5,"source":"Natural Earth 1:10m physical label areas v5.0.0"}},{"type":"Feature","geometry":{"type":"Point","coordinates":[46.470819571482295,22.702490545697174]},"properties":{"id":"ne-physical-1730071667","name_en":"Tuwayq Mountains","name_zh":"图韦克山脉","atlas_class":"mountain_high_relief","min_zoom":3.25,"rank":5,"source":"Natural Earth 1:10m physical label areas v5.0.0"}},{"type":"Feature","geometry":{"type":"Point","coordinates":[24.131779466254038,45.248785711712856]},"properties":{"id":"ne-physical-1730071679","name_en":"Southern Carpathians","name_zh":"南喀尔巴阡山脉","atlas_class":"mountain_high_relief","min_zoom":3.25,"rank":5,"source":"Natural Earth 1:10m physical label areas v5.0.0"}},{"type":"Feature","geometry":{"type":"Point","coordinates":[-113.31683528158223,58.08612702030658]},"properties":{"id":"ne-physical-1730071739","name_en":"Birch Mountains","name_zh":"伯奇山脉","atlas_class":"mountain_high_relief","min_zoom":3.25,"rank":5,"source":"Natural Earth 1:10m physical label areas v5.0.0"}},{"type":"Feature","geometry":{"type":"Point","coordinates":[-74.55408104271743,43.94913361210344]},"properties":{"id":"ne-physical-1730071761","name_en":"Adirondack Mountains","name_zh":"阿第伦达克山脉","atlas_class":"mountain_high_relief","min_zoom":3.25,"rank":5,"source":"Natural Earth 1:10m physical label areas v5.0.0"}},{"type":"Feature","geometry":{"type":"Point","coordinates":[-54.307039393368235,2.4757631899233488]},"properties":{"id":"ne-physical-1730071801","name_en":"Tumuc-Humac Mountains","name_zh":"图木克胡马克山脉","atlas_class":"mountain_high_relief","min_zoom":3.25,"rank":5,"source":"Natural Earth 1:10m physical label areas v5.0.0"}},{"type":"Feature","geometry":{"type":"Point","coordinates":[-43.33815971145718,-8.994561456255923]},"properties":{"id":"ne-physical-1730071811","name_en":"Serra da Capivara","name_zh":"皮奥伊山脉","atlas_class":"mountain_high_relief","min_zoom":4.0,"rank":5,"source":"Natural Earth 1:10m physical label areas v5.0.0"}},{"type":"Feature","geometry":{"type":"Point","coordinates":[-41.0382558189539,-5.069939874224659]},"properties":{"id":"ne-physical-1730071815","name_en":"Serra da Ibiapaba","name_zh":"伊比亚帕巴山脉","atlas_class":"mountain_high_relief","min_zoom":4.0,"rank":5,"source":"Natural Earth 1:10m physical label areas v5.0.0"}},{"type":"Feature","geometry":{"type":"Point","coordinates":[-64.85766177648452,1.3987796081972093]},"properties":{"id":"ne-physical-1730071825","name_en":"Serra de Curupira","name_zh":"库鲁皮拉山脉","atlas_class":"mountain_high_relief","min_zoom":3.25,"rank":5,"source":"Natural Earth 1:10m physical label areas v5.0.0"}},{"type":"Feature","geometry":{"type":"Point","coordinates":[-49.93580584797231,-14.164788507037152]},"properties":{"id":"ne-physical-1730071835","name_en":"Serra Dourada","name_zh":"多拉达山脉","atlas_class":"mountain_high_relief","min_zoom":4.0,"rank":5,"source":"Natural Earth 1:10m physical label areas v5.0.0"}},{"type":"Feature","geometry":{"type":"Point","coordinates":[-51.03387628044567,-8.28722503047463]},"properties":{"id":"ne-physical-1730071839","name_en":"Serra dos Gradaús","name_zh":"格拉达乌斯山脉","atlas_class":"mountain_high_relief","min_zoom":4.0,"rank":5,"source":"Natural Earth 1:10m physical label areas v5.0.0"}},{"type":"Feature","geometry":{"type":"Point","coordinates":[-62.880934056453285,3.9396868187345575]},"properties":{"id":"ne-physical-1730071849","name_en":"Pakaraima Mountains","name_zh":"帕克瑞马山脉","atlas_class":"mountain_high_relief","min_zoom":3.25,"rank":5,"source":"Natural Earth 1:10m physical label areas v5.0.0"}},{"type":"Feature","geometry":{"type":"Point","coordinates":[22.20837549078614,-32.564557624894874]},"properties":{"id":"ne-physical-1730071943","name_en":"Great Karoo","name_zh":"格雷特卡鲁高地","atlas_class":"upland_plateau","min_zoom":3.25,"rank":5,"source":"Natural Earth 1:10m physical label areas v5.0.0"}},{"type":"Feature","geometry":{"type":"Point","coordinates":[-11.786185989019767,17.710699774212827]},"properties":{"id":"ne-physical-1730071945","name_en":"Tagant Region","name_zh":"塔甘特省","atlas_class":"upland_plateau","min_zoom":4.0,"rank":5,"source":"Natural Earth 1:10m physical label areas v5.0.0"}},{"type":"Feature","geometry":{"type":"Point","coordinates":[2.6208444931653565,28.77047746253899]},"properties":{"id":"ne-physical-1730071959","name_en":"Plateau du Tademaït","name_zh":"塔德马伊特高地","atlas_class":"upland_plateau","min_zoom":4.0,"rank":5,"source":"Natural Earth 1:10m physical label areas v5.0.0"}},{"type":"Feature","geometry":{"type":"Point","coordinates":[25.9587475130199,18.45840470486887]},"properties":{"id":"ne-physical-1730071967","name_en":"Jabal Abyad Plateau","name_zh":"阿比让高原","atlas_class":"upland_plateau","min_zoom":4.0,"rank":5,"source":"Natural Earth 1:10m physical label areas v5.0.0"}},{"type":"Feature","geometry":{"type":"Point","coordinates":[136.4089286885291,-17.350030206255916]},"properties":{"id":"ne-physical-1730071987","name_en":"Barkly Tableland","name_zh":"巴克利高地","atlas_class":"upland_plateau","min_zoom":4.0,"rank":5,"source":"Natural Earth 1:10m physical label areas v5.0.0"}},{"type":"Feature","geometry":{"type":"Point","coordinates":[149.88305171642298,61.359015203900356]},"properties":{"id":"ne-physical-1730071991","name_en":"Kolyma Mountains","name_zh":"鄂霍次克科利马高地","atlas_class":"upland_plateau","min_zoom":3.25,"rank":5,"source":"Natural Earth 1:10m physical label areas v5.0.0"}},{"type":"Feature","geometry":{"type":"Point","coordinates":[43.21579262289913,45.322027899212856]},"properties":{"id":"ne-physical-1730071999","name_en":"Stavropol Upland","name_zh":"斯塔夫罗波尔高原","atlas_class":"upland_plateau","min_zoom":3.25,"rank":5,"source":"Natural Earth 1:10m physical label areas v5.0.0"}},{"type":"Feature","geometry":{"type":"Point","coordinates":[37.02843829549581,47.726568914837856]},"properties":{"id":"ne-physical-1730072015","name_en":"Azov Upland","name_zh":"亞速高地","atlas_class":"upland_plateau","min_zoom":3.25,"rank":5,"source":"Natural Earth 1:10m physical label areas v5.0.0"}},{"type":"Feature","geometry":{"type":"Point","coordinates":[58.75055269344101,21.83060333866598]},"properties":{"id":"ne-physical-1730072041","name_en":"Wahiba Sands","name_zh":"瓦希伯沙漠","atlas_class":"desert_bare","min_zoom":3.25,"rank":5,"source":"Natural Earth 1:10m physical label areas v5.0.0"}},{"type":"Feature","geometry":{"type":"Point","coordinates":[-13.958704262600133,18.04141876835348]},"properties":{"id":"ne-physical-1730072065","name_en":"Trarza","name_zh":"特拉扎沙漠","atlas_class":"desert_bare","min_zoom":4.0,"rank":5,"source":"Natural Earth 1:10m physical label areas v5.0.0"}},{"type":"Feature","geometry":{"type":"Point","coordinates":[-12.619104844139645,20.647558905072216]},"properties":{"id":"ne-physical-1730072069","name_en":"Akchâr","name_zh":"阿克哈尔沙漠","atlas_class":"desert_bare","min_zoom":4.0,"rank":5,"source":"Natural Earth 1:10m physical label areas v5.0.0"}},{"type":"Feature","geometry":{"type":"Point","coordinates":[-3.175692734777705,27.914770819134702]},"properties":{"id":"ne-physical-1730072077","name_en":"Erg Iguidi","name_zh":"伊吉迪沙漠","atlas_class":"desert_bare","min_zoom":4.0,"rank":5,"source":"Natural Earth 1:10m physical label areas v5.0.0"}},{"type":"Feature","geometry":{"type":"Point","coordinates":[-103.70815558152236,30.119330145306577]},"properties":{"id":"ne-physical-1730072117","name_en":"Big Bend","name_zh":"大本德沙漠","atlas_class":"desert_bare","min_zoom":4.0,"rank":5,"source":"Natural Earth 1:10m physical label areas v5.0.0"}},{"type":"Feature","geometry":{"type":"Point","coordinates":[35.635826911346015,-5.479974053912166]},"properties":{"id":"ne-physical-1730072123","name_en":"Maasai Steppe","name_zh":"马萨伊草原","atlas_class":"plains_lowlands","min_zoom":3.25,"rank":5,"source":"Natural Earth 1:10m physical label areas v5.0.0"}},{"type":"Feature","geometry":{"type":"Point","coordinates":[10.31291418286396,32.96384308475973]},"properties":{"id":"ne-physical-1730072127","name_en":"Jabal Nafüsah","name_zh":"纳福萨山","atlas_class":"plains_lowlands","min_zoom":4.0,"rank":5,"source":"Natural Earth 1:10m physical label areas v5.0.0"}},{"type":"Feature","geometry":{"type":"Point","coordinates":[149.8834614256828,-27.49126555781843]},"properties":{"id":"ne-physical-1730072131","name_en":"Darling Downs","name_zh":"达令山丘","atlas_class":"plains_lowlands","min_zoom":4.0,"rank":5,"source":"Natural Earth 1:10m physical label areas v5.0.0"}},{"type":"Feature","geometry":{"type":"Point","coordinates":[42.19359709907696,17.946704101562545]},"properties":{"id":"ne-physical-1730072137","name_en":"Tihāmah","name_zh":"帖哈麦","atlas_class":"plains_lowlands","min_zoom":3.25,"rank":5,"source":"Natural Earth 1:10m physical label areas v5.0.0"}},{"type":"Feature","geometry":{"type":"Point","coordinates":[48.54581694853039,27.335916293356433]},"properties":{"id":"ne-physical-1730072141","name_en":"Hasa Plain","name_zh":"哈萨平原","atlas_class":"plains_lowlands","min_zoom":3.25,"rank":5,"source":"Natural Earth 1:10m physical label areas v5.0.0"}},{"type":"Feature","geometry":{"type":"Point","coordinates":[25.87906389696016,57.481237972288994]},"properties":{"id":"ne-physical-1730072149","name_en":"North-Estonian Coastal Plain","name_zh":"波罗的海平原","atlas_class":"plains_lowlands","min_zoom":2.55,"rank":5,"source":"Natural Earth 1:10m physical label areas v5.0.0"}},{"type":"Feature","geometry":{"type":"Point","coordinates":[-9.278183887031195,16.425238348431577]},"properties":{"id":"ne-physical-1730072195","name_en":"Aoukâr","name_zh":"奥卡尔洼地","atlas_class":"basin_lowlands","min_zoom":4.0,"rank":5,"source":"Natural Earth 1:10m physical label areas v5.0.0"}},{"type":"Feature","geometry":{"type":"Point","coordinates":[88.71211636620205,22.380957031250063]},"properties":{"id":"ne-physical-1730072209","name_en":"Sundarbans","name_zh":"蘇達班","atlas_class":"wetlands_delta","min_zoom":3.25,"rank":5,"source":"Natural Earth 1:10m physical label areas v5.0.0"}},{"type":"Feature","geometry":{"type":"Point","coordinates":[27.31123543377704,-25.706353448443416]},"properties":{"id":"ne-physical-1159102603","name_en":"Witwatersrand","name_zh":"威特沃特斯兰德","atlas_class":"mountain_high_relief","min_zoom":4.0,"rank":6,"source":"Natural Earth 1:10m physical label areas v5.0.0"}},{"type":"Feature","geometry":{"type":"Point","coordinates":[14.998826170557907,23.972479559369077]},"properties":{"id":"ne-physical-1159102605","name_en":"Jabal Bin Ghunaymah","name_zh":"古奈马山","atlas_class":"mountain_high_relief","min_zoom":4.0,"rank":6,"source":"Natural Earth 1:10m physical label areas v5.0.0"}},{"type":"Feature","geometry":{"type":"Point","coordinates":[-111.52592131720576,41.044745184369106]},"properties":{"id":"ne-physical-1159102607","name_en":"Wasatch Range","name_zh":"瓦薩奇山脈","atlas_class":"mountain_high_relief","min_zoom":4.0,"rank":6,"source":"Natural Earth 1:10m physical label areas v5.0.0"}},{"type":"Feature","geometry":{"type":"Point","coordinates":[32.07542968542611,-25.46489837031843]},"properties":{"id":"ne-physical-1159102609","name_en":"Lebombo Mountains","name_zh":"萊邦博山","atlas_class":"mountain_high_relief","min_zoom":4.0,"rank":6,"source":"Natural Earth 1:10m physical label areas v5.0.0"}},{"type":"Feature","geometry":{"type":"Point","coordinates":[-4.56437576226291,33.464422918744106]},"properties":{"id":"ne-physical-1159102615","name_en":"Moyen Atlas","name_zh":"中阿特拉斯山脈","atlas_class":"mountain_high_relief","min_zoom":4.0,"rank":6,"source":"Natural Earth 1:10m physical label areas v5.0.0"}},{"type":"Feature","geometry":{"type":"Point","coordinates":[-11.10069102721222,8.805243231244084]},"properties":{"id":"ne-physical-1159102617","name_en":"Loma Mountains","name_zh":"洛馬山脈","atlas_class":"mountain_high_relief","min_zoom":4.0,"rank":6,"source":"Natural Earth 1:10m physical label areas v5.0.0"}},{"type":"Feature","geometry":{"type":"Point","coordinates":[25.342351347934958,-20.603204034380923]},"properties":{"id":"ne-physical-1159102625","name_en":"Makgadikgadi Pans","name_zh":"馬卡迪卡迪鹽沼","atlas_class":"desert_bare","min_zoom":4.0,"rank":6,"source":"Natural Earth 1:10m physical label areas v5.0.0"}},{"type":"Feature","geometry":{"type":"Point","coordinates":[-118.7945998345979,41.06818268436908]},"properties":{"id":"ne-physical-1159102635","name_en":"Black Rock Desert","name_zh":"黑岩石沙漠","atlas_class":"desert_bare","min_zoom":4.0,"rank":6,"source":"Natural Earth 1:10m physical label areas v5.0.0"}},{"type":"Feature","geometry":{"type":"Point","coordinates":[17.304044494194663,27.24008820194723]},"properties":{"id":"ne-physical-1159102637","name_en":"Haruj","name_zh":"哈鲁阿斯瓦德高地","atlas_class":"upland_plateau","min_zoom":4.0,"rank":6,"source":"Natural Earth 1:10m physical label areas v5.0.0"}},{"type":"Feature","geometry":{"type":"Point","coordinates":[16.815832956452162,-22.911736749224644]},"properties":{"id":"ne-physical-1159102641","name_en":"Khomas Highland","name_zh":"霍马斯高地","atlas_class":"upland_plateau","min_zoom":4.0,"rank":6,"source":"Natural Earth 1:10m physical label areas v5.0.0"}},{"type":"Feature","geometry":{"type":"Point","coordinates":[22.694500515815644,16.835364080853452]},"properties":{"id":"ne-physical-1159102643","name_en":"Ennedi Plateau","name_zh":"恩内迪高原","atlas_class":"upland_plateau","min_zoom":4.0,"rank":6,"source":"Natural Earth 1:10m physical label areas v5.0.0"}},{"type":"Feature","geometry":{"type":"Point","coordinates":[8.955669390919152,9.76215241093157]},"properties":{"id":"ne-physical-1159102645","name_en":"Jos Plateau","name_zh":"喬斯高原","atlas_class":"upland_plateau","min_zoom":4.0,"rank":6,"source":"Natural Earth 1:10m physical label areas v5.0.0"}},{"type":"Feature","geometry":{"type":"Point","coordinates":[30.014508192263847,0.553564764447195]},"properties":{"id":"ne-physical-1730070733","name_en":"Rwenzori Mountains","name_zh":"鲁文佐里山脉","atlas_class":"mountain_high_relief","min_zoom":4.0,"rank":6,"source":"Natural Earth 1:10m physical label areas v5.0.0"}},{"type":"Feature","geometry":{"type":"Point","coordinates":[13.664683746051184,7.590399481244113]},"properties":{"id":"ne-physical-1730070745","name_en":"Mbang Mountains","name_zh":"姆邦山脉","atlas_class":"mountain_high_relief","min_zoom":4.0,"rank":6,"source":"Natural Earth 1:10m physical label areas v5.0.0"}},{"type":"Feature","geometry":{"type":"Point","coordinates":[16.385734047786958,-18.8193905578184]},"properties":{"id":"ne-physical-1730070763","name_en":"Etosha pan","name_zh":"埃托沙鹽湖","atlas_class":"desert_bare","min_zoom":4.0,"rank":6,"source":"Natural Earth 1:10m physical label areas v5.0.0"}},{"type":"Feature","geometry":{"type":"Point","coordinates":[15.856764436236286,29.087774969525356]},"properties":{"id":"ne-physical-1730070769","name_en":"Jabal as Sawdä’","name_zh":"索德山","atlas_class":"desert_bare","min_zoom":4.0,"rank":6,"source":"Natural Earth 1:10m physical label areas v5.0.0"}},{"type":"Feature","geometry":{"type":"Point","coordinates":[-106.30651158933328,32.96073029179098]},"properties":{"id":"ne-physical-1730070773","name_en":"White Sands","name_zh":"怀特沙漠","atlas_class":"desert_bare","min_zoom":4.0,"rank":6,"source":"Natural Earth 1:10m physical label areas v5.0.0"}},{"type":"Feature","geometry":{"type":"Point","coordinates":[-119.20821005694316,62.253271795697174]},"properties":{"id":"ne-physical-1730070787","name_en":"Horn Plateau","name_zh":"霍恩高原","atlas_class":"upland_plateau","min_zoom":4.0,"rank":6,"source":"Natural Earth 1:10m physical label areas v5.0.0"}}],"metadata":{"source_url":"https://naturalearth.s3.amazonaws.com/10m_physical/ne_10m_geography_regions_polys.zip","source_sha256":"cb7b9db200284ed1551f20eacc7f3333e9b5f311c19f7cb2670694529f688682","anchor":"representative point of largest polygon","source_note":"Cartographic label areas, not surveyed terrain boundaries"}}